index,mp,formulae,density,efermi
0,mp-1057286,CsH,3.421045295,0.14185536
1,mp-10616,BaLiAs,4.442764821,2.47973006
2,mp-1078746,Sr2FeH6,3.862899921,1.88906222
3,mp-1078999,NdAlH6,4.003212035,1.97872026
4,mp-1079283,LaAlH6,3.702492803,3.6539724
5,mp-1094088,NbCoSn,8.562867736,6.57654431
6,mp-1097065,Li2HfN2,7.435260741,5.43013074
7,mp-1105,BaO2,5.534178952,2.22834475
8,mp-11652,Yb3PbO,11.79758319,4.50386498
9,mp-1178133,KSmO2,5.384853144,1.00678128
10,mp-1178135,KLuO2,6.833989346,1.10961834
11,mp-1182061,BaNaH6Ir,4.932893499,-0.31864889
12,mp-11824,Ca3PN,2.622864785,3.87373418
13,mp-1185263,LiPaO3,5.897508832,2.31466473
14,mp-1185537,Cs2HgTe,5.391629444,1.2639843
15,mp-1185959,MgS2,2.388487799,3.79466102
16,mp-1186,ZrS2,3.61866518,1.90079098
17,mp-11917,Mg(BeN)2,3.079711247,5.56064847
18,mp-1205992,HfMnF6,4.21840533,-2.00583566
19,mp-1206844,RbPaO3,7.197670045,3.0249023
20,mp-1206970,KPaO3,6.391337032,2.88447885
21,mp-1217271,Th2PNO,8.998752354,6.2437422
22,mp-1220912,NaPrS2,3.800991654,1.94544653
23,mp-1220972,NaLiZnS2,2.825872675,3.35318957
24,mp-1221101,NaBiSe2,6.024334776,2.65828024
25,mp-1221102,NaBiTe2,6.131675385,3.57417448
26,mp-1221125,NaBiS2,5.162600272,3.27721128
27,mp-1222297,LiTbS2,4.67336141,2.394956
28,mp-1222661,Li2MgCdP2,3.153883473,4.56613574
29,mp-1223443,KBiS2,4.75650785,2.56346567
30,mp-1224786,GaSbO4,6.552712296,4.61990815
31,mp-1225510,DyPaO4,9.87899812,5.32101013
32,mp-1228360,Ba2InCuO4,5.827877795,3.28503349
33,mp-1245502,Li2TiN2,3.39412805,5.13847324
34,mp-1253,BaSe,4.847306733,1.13655998
35,mp-1265,MgO,3.628903382,2.7374354
36,mp-12669,Dy2SO2,7.910279493,3.15874224
37,mp-12673,Lu2SO2,9.13766969,3.31184904
38,mp-1285,PtO2,11.64897938,4.60796705
39,mp-13039,Tm2C(NO)2,7.196238053,1.78270581
40,mp-13287,BaCuTeF,6.120271073,4.60275758
41,mp-13313,ScTlSe2,6.44774219,4.57843047
42,mp-13983,ZnPdF6,4.935602746,-1.99652884
43,mp-14069,CsAlO2,4.754254032,2.49624856
44,mp-14093,TbOF,8.094797499,1.60864838
45,mp-1413,P2Ru,6.197070793,8.18280746
46,mp-1415,CaSe,3.77164603,2.43012507
47,mp-149,Si,2.312800253,5.63019776
48,mp-1500,BaS,4.190346372,1.35700937
49,mp-1538990,MgNiF6,,
50,mp-15781,KLaS2,3.452967014,2.51456866
51,mp-15785,KDyS2,4.278476684,1.69879985
52,mp-15788,LiYS2,3.27580184,2.93821393
53,mp-15791,LiErS2,5.009650252,2.5034001
54,mp-15794,LiYSe2,4.575354968,2.3846198
55,mp-15797,LiErSe2,6.126922528,2.31434152
56,mp-16037,Dy2TeO2,8.458838402,4.84812652
57,mp-1672,CaS,2.581034201,2.66171321
58,mp-16742,BaAgTeF,6.298244067,3.4487153
59,mp-1779,YbTe,7.955617605,3.36513253
60,mp-1880,SbF3,4.740151396,0.40286621
61,mp-1958,SrTe,4.728243243,2.74147484
62,mp-1960,Li2O,1.969302476,-0.15652004
63,mp-19717,TePb,7.943355935,5.11774509
64,mp-19799,BaPbF6,5.988964399,-1.2041057
65,mp-19896,Li2GePbS4,4.104667869,2.63948985
66,mp-20072,LaCuO2,5.396420034,4.19604131
67,mp-20458,PtPbF6,7.879112951,0.9762886
68,mp-20459,TiPbO3,7.801556472,4.88395
69,mp-20463,CaPbF6,3.728275499,-3.70066556
70,mp-20727,Sb2PbO6,6.885286752,4.1932658
71,mp-2074,Li3Sb,3.378028256,4.20198948
72,mp-20782,LiInTe2,4.704605033,2.62693032
73,mp-2172,AlAs,3.701817726,3.58128419
74,mp-22003,NaN3,1.903754493,-0.1447177
75,mp-2286,Li2Se,2.924458277,0.34245106
76,mp-22925,AgI,5.513316054,1.39863841
77,mp-22965,BiTeI,6.367951493,3.23849884
78,mp-22987,BiIO,7.588488276,4.12884893
79,mp-22993,AgClO4,4.229779246,0.57855162
80,mp-23008,PbBrF,7.574955408,2.70189879
81,mp-23009,Ca2BrN,3.534226822,3.02479034
82,mp-23059,Rb2SnCl6,3.179377462,-0.59115021
83,mp-23154,Br,,
84,mp-23162,ZrCl2,4.027093993,4.67975569
85,mp-23211,PrCl3,3.919534134,0.71296134
86,mp-23350,Rb2PtCl6,3.873459858,-0.39180719
87,mp-23405,Cs2TeBr6,4.262190086,-0.09562952
88,mp-23513,K2PtCl6,3.449255388,-0.28395751
89,mp-23818,BaLiH3,3.789069851,1.16875057
90,mp-24084,KH,1.459479754,-1.58684472
91,mp-24428,KH2N,1.74788596,-0.20540668
92,mp-24721,RbH,2.648368172,-1.06859736
93,mp-2490,GaP,4.128066394,3.4774535
94,mp-2530,Li2Te,3.400299879,2.26399067
95,mp-2667,CsAu,6.972598524,1.12257061
96,mp-2691,CdSe,5.489907313,0.4845965
97,mp-27421,RbBiF6,5.127346043,-3.19542088
98,mp-27422,CsBiF6,5.119599922,-3.42421705
99,mp-27439,TmIO,7.208010992,2.53155733
100,mp-27487,Li2ThN2,7.015749818,4.04498253
101,mp-27691,K2PtBr6,4.485859988,-0.33168394
102,mp-27775,U(BiO3)2,10.04084392,5.78924142
103,mp-27823,SmClO,6.258666743,2.25586744
104,mp-27829,Rb2SeCl6,3.004494929,-0.58391376
105,mp-27984,PrClO,5.605913979,2.18827316
106,mp-2815,MoS2,4.502639494,3.87623833
107,mp-31451,ZrCoBi,10.06701907,5.94056001
108,mp-3834,BaZrO3,6.143794292,2.15629621
109,mp-406,CdTe,5.636239503,1.77816521
110,mp-4124,CaCN2,2.280192325,1.75282132
111,mp-505297,NbSbRu,8.903879238,7.15066285
112,mp-546500,NaCNO,1.824578437,-1.06749574
113,mp-559798,NiF2,4.858200008,0.401624
114,mp-561203,F2,2.33253471,-2.67828246
115,mp-567290,LaN,5.787230826,6.49482042
116,mp-567636,VFeSb,7.969117301,7.5395165
117,mp-571093,BaAlSiH,3.751107717,3.87963666
118,mp-5840,LiScO2,3.430721979,1.8551828
119,mp-5878,KZnF3,4.044777029,-1.19857267
120,mp-588,GaF3,4.59769198,-2.68597241
121,mp-5955,NaSbF6,3.039349918,-4.08593426
122,mp-605034,K2NiF6,3.251503736,-3.04040066
123,mp-614603,CsI,3.622301623,-0.59259488
124,mp-643002,Mg2H6Os,5.568010148,2.39420718
125,mp-643260,Na2H4Pd,2.87963356,-0.98793614
126,mp-644222,CdHClO,4.349893748,-0.09261287
127,mp-665,SnSe2,5.540601276,2.70440502
128,mp-672,CdS,4.702284794,0.90711455
129,mp-677335,GaPO4,3.073835356,-1.33909756
130,mp-697038,Ba2H6Ru,4.829775327,1.32609141
131,mp-697044,Ba2H6Os,5.902451266,1.41689855
132,mp-6978,RbHoO2,6.969574107,1.30058917
133,mp-7046,RbDyS2,4.746185742,1.69590908
134,mp-706,HgF,9.863237874,-1.1701719
135,mp-7113,CrAuS2,6.734894551,3.89808343
136,mp-736,Li3P,1.478420706,1.67696929
137,mp-7478,RbTmO2,7.267878191,1.40979858
138,mp-7482,RbHgF3,6.050618362,-1.06282461
139,mp-7523,Th2TeN2,9.265666775,6.32919292
140,mp-753774,KTmO2,6.503514773,1.12657789
141,mp-753920,Tm2SeO2,9.109329192,3.61437888
142,mp-754065,Hg(SbO3)2,7.493444992,2.98304406
143,mp-754138,CsDyO2,7.374515147,2.29221196
144,mp-754154,CsHoO2,7.511636542,2.34369422
145,mp-754158,KNdO2,5.048882822,0.9683127
146,mp-755311,NaLuO2,7.455270235,1.15155177
147,mp-755340,Tb2SeO2,8.14433012,3.51700405
148,mp-755651,CsGdO2,6.993485735,2.43068846
149,mp-7569,KAsF6,3.416702983,-3.03582182
150,mp-760482,F2,2.33253471,-2.67828246
151,mp-769284,Dy2SeO2,8.422830035,3.62629283
152,mp-7921,MgPdF6,4.278400245,-1.51059418
153,mp-7939,NaNbSe2,5.549090461,4.74149725
154,mp-804,GaN,6.08097682,3.4401233
155,mp-8175,KTlO2,7.257630322,2.57300539
156,mp-8188,KScO2,3.511130092,1.82205967
157,mp-8226,ThNF,9.346448352,5.68579026
158,mp-8278,Ba(MgP)2,3.257013304,2.98038428
159,mp-864755,LiAcTe2,6.525616905,5.56883723
160,mp-865081,NaAcTe2,6.48175074,5.52837893
161,mp-865145,NaTl2Bi,8.784361135,4.66830062
162,mp-866291,AgBr,5.133693103,-0.16906297
163,mp-867261,RbSrCO3F,,
164,mp-867341,CsAcTe2,,
165,mp-9126,Sr(SbO3)2,5.429785994,2.4277574
166,mp-9244,LiBC,2.183366716,4.2961937
167,mp-9262,Cs2PtF6,5.26265787,-1.43969073
168,mp-9517,SrTiN2,4.659605808,3.88282441
169,mp-9562,LiBeAs,3.506186867,3.86092244
170,mp-9573,NaBeAs,3.180153656,2.3730639
171,mp-961673,TiFeTe,7.682775238,8.34164394
172,mp-961713,ZrSnPt,10.35442345,6.32373867
173,mp-9631,AlAgO2,6.306938397,4.20479798
174,mp-972965,GdF3,8.110705929,1.35545096
175,mp-976280,LiBr,2.903220848,-1.62961997
176,mp-978852,SrGaSnH,5.107242087,4.20085945
177,mp-9799,Yb4As2O,9.530803508,2.4971205
178,mp-9821,RbSbF6,4.249573401,-2.92902941
179,mp-9912,Li2CeP2,3.610983352,3.60558285
180,mp-996962,LiAgO2,5.444915828,0.62415795
181,mp-997089,NaAuO2,7.888517735,1.67059515
182,mp-998552,BaHfO3,8.332451499,2.43655296
183,mp-998761,TlNiF3,7.783389719,2.38909251
184,mp-999119,TbTlS2,6.729313742,3.77282913
185,mp-999289,PrTlSe2,6.624028139,3.18508956
186,mp-999448,NaYSe2,4.395078824,1.90679421
187,mp-999470,NaNdS2,3.946611965,1.91606591
188,mp-999471,NaNdSe2,4.941422914,1.60171077
189,mp-999474,NaHoSe2,5.699071243,1.8908047
190,mp-999488,NaDySe2,5.618012842,1.8180069
191,mp-999489,NaGdSe2,5.391757966,1.80306694
192,mp-999490,NaDyS2,4.612808972,2.13117783
193,mvc-14678,MgTiF6,,
194,mp-1001780,LuCuS2,6.521776915,4.34539993
195,mp-1006885,KNdS2,3.688600967,1.42509183
196,mp-10086,YSF,4.783357557,4.28635563
197,mp-1009084,BeSnAs2,5.175533824,4.66131168
198,mp-1009085,BeSiP2,2.470076622,5.27498942
199,mp-1011695,Cs2Se,3.797509932,0.60717769
200,mp-1013527,BeGeP2,3.414334236,4.98191575
201,mp-1013550,Ca3SbP,2.906845518,3.50858088
202,mp-1014251,HfZnN2,9.411421977,4.06665717
203,mp-1017508,LuTlTe2,7.816211963,4.85622329
204,mp-1018025,LuAgO2,8.559651703,1.11421133
205,mp-1018737,KMgP,2.09998257,2.12058321
206,mp-1025029,PrHSe,6.412804533,3.20329013
207,mp-1025250,RhF6,2.891415436,-4.91613004
208,mp-1025396,NbTl3Se4,6.735267915,1.89228034
209,mp-1029312,RbVN2,3.985198981,2.16143941
210,mp-1029330,Hf2SeN2,10.36696631,5.46005967
211,mp-1029385,Li2SnN2,5.342798514,5.73018121
212,mp-10322,BaHfN2,7.934364725,3.37402275
213,mp-10401,Tl2SnF6,7.091443364,0.02771253
214,mp-10402,TiTl2F6,6.554976333,-0.36563722
215,mp-10572,NaPN2,3.195148459,4.38749571
216,mp-1065514,YTlTe2,6.5054937,4.56872985
217,mp-1066781,BrCl,2.419080472,-1.71213064
218,mp-1066791,TmTlS2,7.158594713,3.91245091
219,mp-1067280,TmTlSe2,7.792289271,3.50645408
220,mp-1070099,Ca(GaAs)2,4.76303575,3.90141683
221,mp-1070852,YbHCl,7.491489778,1.16869715
222,mp-10748,TaCu3S4,5.025571148,3.01692792
223,mp-1077553,Sr2BBrN2,3.680481674,1.51197353
224,mp-10778,RbPrSe2,4.774641389,1.24394201
225,mp-10779,RbNdSe2,4.889828111,1.24667592
226,mp-10783,RbHoSe2,5.589732251,1.50856659
227,mp-10785,RbLuSe2,5.917107563,1.74036733
228,mp-1078552,Li2H6Pt,4.856671247,-0.77772612
229,mp-1078677,Sr2H6Os,5.567303669,1.33692805
230,mp-1078726,CsHoS2,5.236562335,2.30194592
231,mp-1079627,PrAlH6,3.841934868,2.07651378
232,mp-1079647,BaAgSeF,6.142612558,2.49357384
233,mp-1079896,Ca2H6Ru,3.341859281,1.63560575
234,mp-1080747,ScAlCO,3.587304858,6.03704088
235,mp-1080771,NaCl7,2.143054773,0.6241021
236,mp-1086652,BaAgSF,5.637314435,2.57443434
237,mp-1087,SrS,3.593405711,1.8660166
238,mp-1087532,CsLuS2,5.583005762,2.38667883
239,mp-10919,Rb2PtC2,4.92066186,1.2735678
240,mp-10969,CdCN2,4.754058842,1.56267834
241,mp-10996,Yb(MgSb)2,5.511330421,4.0900354
242,mp-1100415,ZrSbRh,8.393218008,6.44837843
243,mp-1101301,TeO3,5.250929415,1.05276267
244,mp-1101401,RbPrO2,5.571089896,1.43107084
245,mp-11019,GaCuO2,6.267888092,4.15341595
246,mp-11020,GaAgO2,7.234829672,2.52557321
247,mp-11022,ScAgO2,5.538115174,2.05572858
248,mp-11178,SrCeN2,6.181736033,4.87763601
249,mp-1120763,Cs3VSe4,3.98615436,0.33488618
250,mp-11740,KNdTe2,4.803220526,2.52994265
251,mp-1180133,NaCaH6Ir,4.600387616,0.14746808
252,mp-1182867,AlWO4,7.674028353,4.32611183
253,mp-1183053,AcGaO3,9.314495003,5.47693479
254,mp-1183115,AcAlO3,8.728230082,6.94886555
255,mp-1183920,CsPaO3,7.868862178,3.47557985
256,mp-1187892,Yb2H6Ru,8.649106772,0.8832199
257,mp-1190,ZnSe,5.274845269,1.321407
258,mp-1205754,Na2CeF6,4.480827045,-0.79267924
259,mp-1205964,Ca2FeH6,2.760024957,2.1178021
260,mp-1206514,Mg3AsN,3.611166352,4.712618
261,mp-1206568,Cs2PdCl6,3.538922375,-0.85337778
262,mp-1206803,Y2CI2,5.109231348,3.55033907
263,mp-1206881,LiTaS2,6.687502537,7.22833211
264,mp-1207080,TbHSe,7.878511363,3.97410461
265,mp-1207082,LiMgSb,3.497205071,3.11473034
266,mp-1207092,GdHSe,7.622042363,3.79203447
267,mp-1207108,BaAlGeH,4.525273641,3.73762939
268,mp-1207186,DyHSe,8.126823581,3.97079308
269,mp-1207192,NdHSe,6.678415863,3.391015
270,mp-1207196,Ca2H6Os,4.859029059,1.72985672
271,mp-1208162,Tl2GeF6,7.012088226,-0.22174066
272,mp-1209302,Rb2TcCl6,3.186159465,-0.15097309
273,mp-1217281,Th2AsNO,9.448348452,6.17262727
274,mp-1217996,TaCu3Se3S,5.846707644,2.81235618
275,mp-1218382,Sr4Bi2O,5.83306953,3.3491109
276,mp-1219240,ScPaO4,7.899742823,5.96065777
277,mp-1220714,NaLaS2,3.682884643,3.24665351
278,mp-1220883,NaSbTe2,5.235361867,4.30227311
279,mp-1221936,MgMnTe2,4.218260352,2.9270554
280,mp-1222370,LiGdS2,4.537232706,2.45300634
281,mp-1222404,LiBiS2,5.445330662,3.88222949
282,mp-1224210,InCuGeSe4,5.026789959,2.93671323
283,mp-1224851,GaCuGeSe4,5.082918035,2.87321888
284,mp-1225447,ErPaO4,10.14023079,5.32135424
285,mp-1227238,CaBiIO2,6.122036428,3.51993946
286,mp-1228342,Ba2ScO3F,5.322921318,2.01987698
287,mp-12317,SrCN2,3.069842934,0.90223532
288,mp-1232332,ZnCu2SiSe4,5.078185669,3.4454038
289,mp-1245429,MgZrN2,5.211573085,5.16504125
290,mp-12668,Tb2SO2,7.628861158,3.15734111
291,mp-12904,HoAgTe2,7.43282922,4.36647571
292,mp-12957,O2,,
293,mp-13031,MgSe,3.2762225,0.87057675
294,mp-13275,NaSrP,3.090204867,2.58578418
295,mp-13276,SrLiP,3.133051646,2.68378373
296,mp-1342,BaO,5.859229671,1.72769767
297,mp-13660,Ca4Sb2O,3.872293519,4.33754022
298,mp-13972,Sm2SeO2,7.328209708,3.19540706
299,mp-13974,Ho2SeO2,8.658025319,3.59247845
300,mp-14205,K3Cu3As2,3.89674057,2.20192569
301,mp-14437,RbYO2,5.016128331,1.43050942
302,mp-1479,BP,2.981368783,7.5307309
303,mp-1541180,ZnNiF6,,
304,mp-15783,KSmS2,3.883473906,1.54744585
305,mp-15784,KGdS2,4.074315144,1.79235657
306,mp-15786,KHoS2,4.359707362,1.67989461
307,mp-15789,LiDyS2,4.799515073,2.78006983
308,mp-15792,LiGdSe2,5.675432096,2.55225743
309,mp-15793,LiTbSe2,5.79031065,2.57718696
310,mp-15795,LiDySe2,5.92236211,2.27143029
311,mp-1591,Al4C3,2.99175225,7.3085706
312,mp-15988,Li2CuSb,5.311636127,6.07379469
313,mp-16032,Pr2TeO2,6.711990206,4.30219745
314,mp-16033,Sm2TeO2,7.482034219,4.25676128
315,mp-16036,Tb2TeO2,8.212666352,4.78171167
316,mp-16236,KAgSe,4.778170643,1.56917696
317,mp-16763,KYTe2,4.452008487,2.93610426
318,mp-1747,K2Te,2.495220889,-0.14381336
319,mp-1776,UN2,12.13049248,9.78672188
320,mp-1820,YbS,7.736289279,2.08335964
321,mp-1852,UF5,5.998267057,0.67060273
322,mp-1873,ZnF2,4.956090145,-1.60507351
323,mp-19178,CoAgO2,7.578299942,2.79283801
324,mp-19734,MgPbF6,5.318339359,-2.05756771
325,mp-20098,Ba2PbO4,7.203059759,2.40060852
326,mp-20731,In2HgSe4,6.005962726,2.07805823
327,mp-2176,ZnTe,5.616959252,2.85423966
328,mp-21855,VCu3Se4,5.341420813,2.79078136
329,mp-22848,Cl2,2.089777517,-1.70072791
330,mp-22859,HgI,7.187592341,0.76764492
331,mp-22877,VCl2,2.89677191,3.35516193
332,mp-22897,HgCl,6.920946902,-0.99028447
333,mp-22916,NaBr,3.288928095,-0.72405064
334,mp-22922,AgCl,5.582622712,1.49474467
335,mp-22935,CsBrF,4.157339186,-0.87551023
336,mp-22936,Ca2NCl,2.824901799,3.25382676
337,mp-22946,CrClO,3.502482557,2.98741964
338,mp-22956,K2PdCl4,2.65656763,-0.4736166
339,mp-22958,KBrO3,3.30290524,-0.41593381
340,mp-22964,PbClF,7.109075314,2.58658804
341,mp-22981,TlIO3,6.89684091,2.61777048
342,mp-23025,LaClO,5.390112996,4.60130555
343,mp-23040,Ca2PI,3.308515832,3.35873213
344,mp-23046,SrIF,4.723813982,1.42381739
345,mp-23052,ZrIN,5.136777021,2.77572061
346,mp-23068,NdBrO,6.22149132,1.24805507
347,mp-23070,BaBrF,5.078337568,0.01544395
348,mp-23177,HgBr,7.337680532,-0.97551735
349,mp-23183,NdCl3,4.047814797,0.76417988
350,mp-2319,P2Os,9.447313995,7.98658127
351,mp-23202,InI,5.31221181,3.52492482
352,mp-23268,NaI,3.732330356,0.85610586
353,mp-23297,BrF3,3.634824695,-1.38251485
354,mp-23465,Cs2TeCl6,3.42034015,-0.00621166
355,mp-23475,Rb2PbCl6,3.615254192,-0.72108064
356,mp-2352,Na2O,2.494753645,0.65267651
357,mp-23703,LiH,0.814395503,-0.99767685
358,mp-23856,LiHO,1.528160775,-1.90379562
359,mp-23859,CaHCl,2.527926241,1.87769822
360,mp-23861,BaHCl,4.061759009,0.61529906
361,mp-23879,Ca(HO)2,2.299920454,-0.374246
362,mp-23956,K2MgH4,1.62432806,-0.56652158
363,mp-24292,Sr2H6Ru,4.272806179,1.21048843
364,mp-24424,BaHBr,4.674037544,0.72698904
365,mp-2455,As2Os,11.02793169,6.41089284
366,mp-2507,GaS,3.775576276,1.57488932
367,mp-2624,AlSb,4.175546636,4.4349805
368,mp-2659,LiN3,1.931723591,0.5238216
369,mp-27193,RbIO3,4.684210199,1.31715203
370,mp-27419,LiBiF6,5.291075848,-2.72308001
371,mp-27616,ErSCl,4.758495657,0.74650049
372,mp-27828,Cs2TiCl6,3.155059911,-0.71263014
373,mp-27831,Rb2ZrCl6,2.961097577,-1.07842705
374,mp-27834,Tl2PtCl6,5.714605459,0.83894569
375,mp-27839,K2TiCl6,2.384241117,-0.49022007
376,mp-2784,Na2Te,3.005584104,0.70189012
377,mp-27850,TiNCl,3.101115773,2.47889666
378,mp-27980,U(OF)2,6.3235831,-0.09967469
379,mp-28066,ThBrN,8.025185477,3.59836887
380,mp-28069,Ca3AsCl3,2.625158714,2.49027457
381,mp-28145,Rb2PdCl6,3.318795473,-0.75728679
382,mp-28306,MnBr2,4.237394852,0.48199909
383,mp-28572,LaBr2,4.384432647,3.77507849
384,mp-28602,Na3ClO,2.255923093,0.96869593
385,mp-28872,RbBrO3,3.984692341,-0.53191632
386,mp-29241,Ca3SnO,3.76530011,5.12010076
387,mp-30031,CaI2,3.810445047,0.03186155
388,mp-30530,TlClO4,4.72533232,-0.40382584
389,mp-3056,NaTlO2,8.033626614,3.1294773
390,mp-30847,TiSnPt,10.11530353,6.93826119
391,mp-31166,DyTlS2,6.849799608,3.9211413
392,mp-31454,TaSbRu,11.48222923,7.3995128
393,mp-315,PbF2,7.866148047,1.56246806
394,mp-3556,Tm2SO2,8.605889505,3.32242883
395,mp-3614,KTaO3,6.981426042,1.68905649
396,mp-3637,YOF,5.237683534,1.64431487
397,mp-37216,CdPbF6,5.816432412,-2.8855226
398,mp-3821,K2PtF6,4.902671899,-1.06482487
399,mp-3924,LiNbO2,5.667091789,5.2444097
400,mp-4226,LiCrS2,3.236418276,4.45716663
401,mp-441,Rb2Te,3.158986459,-0.08341552
402,mp-4764,Pr2SeO2,6.497281982,3.16114779
403,mp-4886,NdCuO2,5.785143715,2.25069583
404,mp-4887,BaCeN2,6.82150124,5.11252325
405,mp-5020,BaTiO3,5.899610404,2.83582077
406,mp-5394,LaSF,5.527824843,6.29530716
407,mp-540584,K2PdO2,4.455404545,2.16042024
408,mp-541044,CsYO2,5.700610921,2.37184468
409,mp-545359,KNa2CuO2,2.843575562,1.46231882
410,mp-545598,UCdO4,8.016393844,2.54055045
411,mp-5459,Nd2TeO2,6.985686564,4.48993688
412,mp-546082,TmBi2ClO4,8.441497543,3.6916917
413,mp-546552,KCrO2,4.242074163,2.81836362
414,mp-5488,LiInO2,5.861211149,3.91058091
415,mp-550111,SmBi2BrO4,8.026407564,3.31736093
416,mp-550635,LuBi2IO4,8.811564843,4.3971935
417,mp-5513,Tl3VS4,6.027814315,2.40072008
418,mp-552738,TmBi2IO4,8.683084204,4.31253312
419,mp-552992,DyBi2BrO4,8.423513003,3.59795013
420,mp-553242,NdBi2BrO4,7.878409326,3.31002276
421,mp-553303,CsCu3O2,4.731709939,2.18316305
422,mp-555908,CoF2,4.666660251,0.52860275
423,mp-556417,Rb2NiF6,3.907518488,-3.17595707
424,mp-557655,GdTlS2,6.591267765,3.82560039
425,mp-5598,Sm2SO2,6.818472622,2.80101516
426,mp-561367,F2,2.33253471,-2.67828246
427,mp-561751,CsErS2,5.308568792,2.2954972
428,mp-561947,CsHgF3,6.681526474,-0.75456646
429,mp-568560,TlBr,6.323258588,1.06513211
430,mp-5694,NaHoS2,4.695168676,2.11831272
431,mp-569639,TlCl,5.966892116,1.38451516
432,mp-570097,Sr(Li2P)2,2.372973708,2.24836694
433,mp-570485,SrAlSiH,3.102445307,4.43495982
434,mp-571102,TlI,6.301078447,1.83063628
435,mp-613910,BaNiF6,4.777537182,-1.43126685
436,mp-643243,Cs2H6Pt,4.293920519,-1.47023555
437,mp-648,Na2S,1.889080802,0.35970853
438,mp-675349,DyCuSe2,6.941485983,3.59177827
439,mp-697030,Mg2H6Ru,3.605854331,2.31417469
440,mp-697096,Na2H4Pt,4.558525658,-0.85534477
441,mp-7041,CaHgO2,6.48276836,0.77144662
442,mp-7060,LaZnPO,5.691611745,6.2963998
443,mp-7100,LaOF,5.999156677,4.52968004
444,mp-7173,ScSbPt,9.349058707,7.07734347
445,mp-7233,La2SeO2,6.22862513,5.73353796
446,mp-733,GeO2,4.264932176,-0.79337781
447,mp-7375,KNbO3,4.499799379,1.18912488
448,mp-7436,KCuTe,4.45419157,3.58372901
449,mp-7437,KZnP,3.10096161,1.98868598
450,mp-7480,RbLuO2,7.594477787,1.29718762
451,mp-752955,WOF4,5.451747827,-3.80079902
452,mp-753173,HoIO,7.119990287,2.7051482
453,mp-753571,LiVF6,2.667526225,-4.26346126
454,mp-753721,GdOF,7.704625233,1.38205169
455,mp-754110,SmAgO2,6.796298005,0.72022983
456,mp-754237,LiTmO2,7.218630628,0.97681584
457,mp-754326,NaAgO2,5.271264458,0.79867351
458,mp-754883,KHoO2,6.209443454,1.18445572
459,mp-755756,Y2TeO2,5.842620021,4.85464664
460,mp-757021,KGdO2,5.70351349,1.32682035
461,mp-7575,LiZnN,4.982091078,3.19062686
462,mp-762,PtS2,7.05127354,2.92059357
463,mp-766,As2Ru,8.231194674,6.26836811
464,mp-769173,PrOF,6.353054152,1.77012506
465,mp-7738,LaSeF,6.197136975,5.41403732
466,mp-774907,KLiZnS2,2.759771041,1.17933555
467,mp-7768,Th2SeN2,9.328971483,5.48956657
468,mp-7769,Th2SN2,8.952684407,6.07287401
469,mp-7801,CaGeN2,4.424811866,4.50594036
470,mp-7849,AlAsO4,2.838164175,-1.37219012
471,mp-7895,Rb2O2,3.805924365,1.29022195
472,mp-7937,NaNbS2,4.153144678,5.66633249
473,mp-7976,RbGdO2,6.437181327,1.61383871
474,mp-7977,CsSmO2,6.686149632,1.95400077
475,mp-8152,Li2CeAs2,4.694456497,3.0401854
476,mp-8255,CaPtF6,4.99945153,-1.44655694
477,mp-8256,ZnPtF6,6.370365985,-1.01718409
478,mp-8260,NaGdS2,4.389161321,2.24016607
479,mp-8280,Ba(MgAs)2,4.104683992,2.65369558
480,mp-8289,SnF3,3.547094177,-0.86362823
481,mp-8291,BaTiF6,4.327967542,-1.7965452
482,mp-8409,KYO2,4.145686845,1.21625083
483,mp-841,Li2O2,2.414495374,1.32626051
484,mp-8430,KLiS,2.009905336,0.70296883
485,mp-8452,NaLiS,1.976851618,1.39127935
486,mp-8579,Ba(AgS)2,5.69619513,2.6285523
487,mp-861937,Ba2AsAu,7.02881504,2.90434713
488,mp-8622,Rb2PtSe2,5.89790248,2.12330682
489,mp-862797,RbAcTe2,6.584976523,4.88279248
490,mp-862832,PaTlO3,9.576684617,4.74671242
491,mp-865427,KSrCO3F,2.930426693,-0.01300866
492,mp-865500,Na2Hf2O5,6.467203621,2.10313073
493,mp-865758,YbGeO3,9.753521302,4.32691404
494,mp-866101,AcCrO3,8.848788047,6.3647368
495,mp-866311,Bi3BrO4,8.837934474,4.24696889
496,mp-867112,AcInTe2,,
497,mp-867194,Sr(MgAs)2,,
498,mp-8751,RbLiS,2.924113667,0.84218721
499,mp-8756,KLiSe,2.842587949,0.34547139
500,mp-8873,LiGeBO4,3.52505064,0.50186437
501,mp-8963,Cs2HgF4,5.742182103,-0.90637568
502,mp-9006,Ho2CF2,8.806585649,3.66446441
503,mp-9125,Ca(SbO3)2,5.243032151,3.05302669
504,mp-9166,MgCN2,2.461064805,2.40216986
505,mp-9195,BaCuSeF,5.904545698,3.85433275
506,mp-9200,K3AuO,3.845922409,0.47419197
507,mp-9263,KErTe2,5.465429106,2.86915272
508,mp-9295,TaCu3Te4,6.918515284,4.65069691
509,mp-9306,Sr2ZnN2,4.678095573,2.69200818
510,mp-9321,Ba2HfS4,4.976572109,2.54239858
511,mp-9362,RbPrS2,4.012481764,1.49467309
512,mp-9363,RbNdS2,4.128159217,1.57330059
513,mp-9367,RbErS2,4.91966115,1.80714062
514,mp-9498,Nd2C(NO)2,5.36664133,1.68605389
515,mp-9566,Sr(MgSb)2,4.149115967,3.71072046
516,mp-9567,Ba(MgSb)2,4.358063461,3.44020846
517,mp-961685,NaCaAs,2.764079916,1.22372693
518,mp-971787,VBr2,4.310131989,2.46396163
519,mp-973585,LuIO,7.667465583,2.6150897
520,mp-975666,PrBrO,6.143444707,1.93218844
521,mp-978857,SrHgO2,,
522,mp-9813,WS2,7.222771201,4.16844358
523,mp-985829,HfS2,5.799198856,2.31448794
524,mp-9915,LiBeP,2.001165234,4.38722932
525,mp-996959,LiAuO2,8.332296816,1.2133942
526,mp-998762,MnTlF3,6.914697374,2.19544397
527,mp-999126,NaTbS2,4.495923922,2.14495416
528,mp-999127,NaTbSe2,5.501957548,1.84901597
529,mp-999129,KTbS2,4.177235958,1.68157753
530,mp-999132,SmTlTe2,7.015514604,4.32447008
531,mp-999138,SmTlS2,6.344335361,3.55025351
532,mp-999288,PrTlTe2,6.67193814,4.16301623
533,mp-999319,NdTlTe2,6.806165681,4.20398593
534,mp-999460,NaScS2,2.734763086,2.95027384
535,mp-999472,NaLaSe2,4.664303867,2.55432274
536,mp-1001786,LiScS2,2.699858092,3.73710391
537,mp-1006888,KYS2,3.079141903,1.75555334
538,mp-1006891,KSmSe2,4.762081261,1.23933783
539,mp-10074,GeSe2,4.539852887,0.89068171
540,mp-1007636,KLuS2,4.700924685,1.76425765
541,mp-1007663,HoTlTe2,7.493296185,4.58830099
542,mp-1008506,BaGaSiH,4.643219254,3.35288238
543,mp-1008561,TmTlTe2,7.640145043,4.62427039
544,mp-1009087,BeSiAs2,4.094300011,4.40342348
545,mp-1014244,ZrZnN2,6.225274037,3.73142615
546,mp-1017628,Mg(BeP)2,2.422068026,5.67672745
547,mp-1018031,KInO2,5.301502387,3.14358409
548,mp-1018138,VI2,4.843970242,3.96903884
549,mp-1018736,KCdAs,4.534907737,1.91391482
550,mp-1019089,KMgAs,2.865987283,1.86342964
551,mp-1022,K2S,1.797202075,-0.34024571
552,mp-10226,NaYS2,3.235234563,2.2075325
553,mp-1025227,Rb2MgCl4,2.77343987,3.9617024
554,mp-1025549,Tl3VSe4,6.756729248,2.14747123
555,mp-1029396,SrHfN2,7.347672818,3.2848852
556,mp-1039,MgTe,3.717166657,2.09590592
557,mp-10408,K2CN2,2.188778909,0.54709899
558,mp-10485,BaLiSb,4.552960365,2.9489126
559,mp-1069706,K2PdSe2,4.190073255,1.42324451
560,mp-10782,RbTbSe2,5.405723541,1.50504678
561,mp-10784,RbErSe2,5.671707186,1.57760634
562,mp-1078419,Na3PSe4,3.58777662,1.89370168
563,mp-1078990,CsTmS2,5.40379166,2.30369061
564,mp-1079483,LiAuF6,5.531000383,-2.6752591
565,mp-1080135,SrZnAsF,5.180441034,3.29413222
566,mp-1080149,Yb(CuS)2,7.347149341,5.58083732
567,mp-1080438,SrAgTeF,6.034281461,3.77031783
568,mp-1080847,Mg3SbN,4.223462046,5.70989247
569,mp-1091384,NbTl3S4,5.973777362,2.21799293
570,mp-10930,TbSF,7.129524794,4.22292167
571,mp-1100408,TaSnRh,11.42841657,6.73335386
572,mp-11107,Ac2O3,9.109129867,4.69645087
573,mp-11327,Rb2Se,3.172724429,-0.33520508
574,mp-1147551,KCuTeO6,3.86993248,0.21648344
575,mp-1153,Li2S,1.6739402,0.66905494
576,mp-1170,SnS2,4.169006438,3.62227361
577,mp-11739,KLaTe2,4.574209595,3.05344747
578,mp-11775,RbUO3,7.607261576,4.97517164
579,mp-1178141,KDyO2,6.061374999,1.10042546
580,mp-1178160,HoBrO,6.822732511,0.81569997
581,mp-1178355,Er2TeO2,8.881998352,5.05758415
582,mp-1178449,CsLaO2,5.974369887,3.85066342
583,mp-1187516,YbSiO3,9.449982831,5.81411693
584,mp-1205761,K2PdBr6,4.020979196,-0.52223811
585,mp-1206098,ZrMnF6,3.101641258,-2.08302939
586,mp-1206742,ErHSe,8.546802267,3.9509184
587,mp-1207095,SiPAu,6.986125739,3.87555826
588,mp-1216,YbO,12.31534703,1.20157094
589,mp-1216536,TmPaO4,10.26095626,5.30605809
590,mp-1216588,TlInF6,5.96105864,-2.12792007
591,mp-1217120,Ti2FeNiSb2,7.221651617,7.72511873
592,mp-1217269,TeSe2,5.076003417,3.59545586
593,mp-1219568,RbCNO,2.745792365,-1.21073817
594,mp-1220967,NaLiCdS2,3.252885457,2.6993877
595,mp-1222263,LuPaO4,10.51843607,5.39100977
596,mp-1222296,LiSmS2,4.301807669,2.2604998
597,mp-1222618,Li2ZnCdP2,3.989339758,2.8794251
598,mp-1222719,LaTiSbO6,5.342093662,3.67561661
599,mp-1222782,LaPaO4,8.590973266,6.63051539
600,mp-1223799,HoPaO4,10.00525026,5.21682314
601,mp-1223956,Ho2TeS2,5.858626525,2.52077362
602,mp-1224,HgO,10.77019191,0.46310693
603,mp-1225289,Dy2TeS2,5.70434494,2.38795907
604,mp-1227444,BiPbBrO2,8.267326654,3.93511941
605,mp-1228963,AlAgSnSe4,4.768387618,2.05262524
606,mp-12442,KAuF6,4.892570748,-3.31879269
607,mp-12509,YZnPO,4.973858449,4.68827584
608,mp-1266,Na2Se,2.686924163,0.07276857
609,mp-12670,Ho2SO2,8.143588265,3.18132468
610,mp-12671,Er2SO2,8.386251591,3.24299694
611,mp-1272139,SnBr2,4.342466255,2.62554565
612,mp-12954,CuBS2,4.097111183,6.42471159
613,mp-13038,Dy2C(NO)2,6.647029856,1.82929255
614,mp-13277,BaLiP,3.752216626,2.36652101
615,mp-13694,PrCuO2,5.57120432,2.30719315
616,mp-13971,Nd2SeO2,6.798078463,3.19007454
617,mp-13984,CdPdF6,5.161466377,-2.24677194
618,mp-14070,RbAlO2,3.717626287,1.58674339
619,mp-14091,AlAgSe2,4.941582477,2.18218391
620,mp-14115,LiRhO2,6.286704051,4.4847718
621,mp-1519,CaTe,4.265149323,3.67271973
622,mp-1522,FeS2,4.939238095,7.70109249
623,mp-1539332,TiZnF6,,
624,mp-1542401,MgSnF6,,
625,mp-1550,AlP,2.348192311,4.36978098
626,mp-1569,Be2C,2.466756874,6.31837236
627,mp-1572,GaSe,4.847688388,1.23152768
628,mp-15724,KNa2Sb,3.003881322,2.22797509
629,mp-15790,LiHoS2,4.898961992,2.83587916
630,mp-16035,Gd2TeO2,7.937965074,4.56462232
631,mp-1821,WSe2,8.655921754,3.4107938
632,mp-1883,SnTe,6.32470507,6.32206963
633,mp-19,Te,5.875199296,5.57978438
634,mp-19338,LiMoO2,6.303683964,4.02726039
635,mp-19378,CrAgO2,6.63927647,2.5670638
636,mp-19443,WO3,6.883890239,0.4553986
637,mp-19833,InAgS2,4.845347505,3.05066712
638,mp-19886,ThSnPt,11.53595566,6.82399742
639,mp-20015,As2PbO6,6.573971108,3.54799653
640,mp-20194,CeO2,6.994759104,5.05743538
641,mp-20273,Ca3PbO,5.011409566,5.18116312
642,mp-20289,NaInS2,4.009346842,3.6897828
643,mp-20374,Ho2C(NO)2,6.832574538,1.85615505
644,mp-2068,RhF3,5.695310569,0.83282575
645,mp-20790,InPS4,3.056129866,3.31990591
646,mp-21276,PbS,7.445972213,5.39026956
647,mp-2133,ZnO,5.704217807,0.8923141
648,mp-22313,Na2PtO2,6.728872974,3.08070686
649,mp-2251,Li3N,1.329645115,0.3339454
650,mp-22867,RbBr,3.326427544,-1.7943527
651,mp-22881,CdCl2,3.869336072,-1.1381103
652,mp-22903,RbI,3.506111301,-0.79311606
653,mp-22909,ZnCl2,2.926450984,-1.53337203
654,mp-22939,BiClO,7.61466476,3.42325128
655,mp-22951,BaIF,5.310565906,1.54364582
656,mp-22975,Rb2TeCl6,3.120827547,0.22244432
657,mp-22988,CsGeCl3,3.178939092,1.25409942
658,mp-22990,CsICl2,3.772485427,0.56840432
659,mp-23056,Sr2BrN,4.540104994,2.55923509
660,mp-23058,NdClO,5.839222592,2.23851668
661,mp-23205,MgI2,4.263115801,1.30327246
662,mp-23251,KBr,2.763056204,-1.81447618
663,mp-23710,MgH2,1.457555667,0.10549708
664,mp-23804,Mg2FeH6,2.859714274,2.93462837
665,mp-23860,SrHCl,3.497654151,0.97004124
666,mp-23862,BaHI,4.951263531,1.99264422
667,mp-2400,NaS,2.094029043,2.01368961
668,mp-24012,HoHSe,8.325064361,4.0839083
669,mp-24204,CaHI,3.688904642,1.69700507
670,mp-24422,CaHBr,3.296186963,0.7389192
671,mp-24423,SrHBr,4.273013639,0.82899039
672,mp-252,BeTe,4.996636953,4.56983087
673,mp-2697,SrO2,4.731103852,2.59636997
674,mp-2706,SnF4,5.003911897,-0.76186808
675,mp-27294,Ca3AsBr3,3.458589199,2.35486637
676,mp-27315,CaTiF6,2.387150088,-4.01312762
677,mp-27420,NaBiF6,4.677742127,-3.53068528
678,mp-2758,SrSe,4.468615505,1.61825875
679,mp-27743,BiF5,5.769338761,-3.29028788
680,mp-28013,MnI2,4.767267673,2.43286702
681,mp-28554,Ca2AsI,3.754225457,3.21872627
682,mp-286,YbSe,8.360299527,1.7388659
683,mp-28650,CsBr2F,3.873936657,-0.87485315
684,mp-28797,YHSe,5.605506638,3.95659998
685,mp-29529,NaSnP,3.74834114,4.22201162
686,mp-30034,MgBr2,3.705847572,-0.61412415
687,mp-30247,Mg(HO)2,2.452761142,0.68676815
688,mp-30250,YAgO2,5.762822635,1.18122745
689,mp-30315,Ca3BN3,2.797589182,4.22677379
690,mp-30373,RbAu,6.781974968,0.77573646
691,mp-3216,Li2ZrN2,4.370752214,4.05832841
692,mp-3236,Pr2SO2,6.001201446,2.92862535
693,mp-3277,BAsO4,3.617999557,-0.00840492
694,mp-3332,NaCrSe2,4.674061488,3.33552856
695,mp-34337,H4NCl,1.607825278,-0.58131084
696,mp-34932,CaHN,2.588778361,2.8298941
697,mp-35152,Sr2H5Rh,4.257237555,2.38173076
698,mp-3524,LiPN2,2.967136011,4.32634942
699,mp-36111,LiMgP,1.935035991,2.80762785
700,mp-36526,AcOF,8.272058044,3.70729944
701,mp-37153,AgAsF6,3.433120375,-2.45040028
702,mp-3744,NaNbO2,5.564450391,5.56852673
703,mp-3748,AlCuO2,5.150013916,6.36032058
704,mp-375,UO3,6.715813264,1.4768918
705,mp-37906,LiMgN,2.467592898,2.97936828
706,mp-3808,K2UO4,5.090494293,1.56913522
707,mp-3810,Hg(AsO3)2,7.14027372,2.22857121
708,mp-3915,BaHgO2,6.302162373,-0.14778873
709,mp-3927,CaAsAu,7.699099746,4.90310422
710,mp-3980,LiSbF6,4.109873066,-2.76114485
711,mp-3992,PrSF,5.77754877,3.82995601
712,mp-4081,TaCu3Se4,6.270214076,2.82067271
713,mp-422,BeS,2.36179233,3.64446235
714,mp-4495,KLiTe,3.200429821,1.40742506
715,mp-4519,KPrO2,4.868240309,0.99480343
716,mp-4524,ZnGeP2,4.179818738,4.11855147
717,mp-4555,Ca(AsO3)2,4.57208703,2.18515948
718,mp-4763,ZnSiP2,3.418565574,4.44458853
719,mp-4805,Gd2SO2,7.326043273,2.98780161
720,mp-4961,Na2HgO2,6.068127925,0.69060179
721,mp-5077,NaLi2Sb,3.3574294,3.71593126
722,mp-510625,CrCuO2,5.60036526,4.12260606
723,mp-5175,NaInO2,5.695762417,3.6758438
724,mp-5273,KPrTe2,4.707791845,2.46391478
725,mp-541837,Bi2Se3,7.164344933,3.68568557
726,mp-545728,PrBi2IO4,7.84083286,4.06878921
727,mp-546266,DyBi2IO4,8.475085633,4.25411149
728,mp-546621,ErBi2BrO4,8.576980871,3.71168487
729,mp-5475,NaTaN2,8.088367141,4.10311757
730,mp-549127,HoBi2ClO4,8.278940386,3.64886018
731,mp-549709,ErBi2ClO4,8.391655972,3.75316474
732,mp-550820,SmZnPO,6.2283214,4.39383803
733,mp-551900,PrBi2BrO4,7.73075736,3.30704816
734,mp-552120,YClO,3.925875217,0.74202452
735,mp-553082,PrBi2ClO4,7.559526182,3.40412933
736,mp-553243,YBi2BrO4,7.529211582,3.70173793
737,mp-553308,CsNdO2,6.340412406,2.06084953
738,mp-554310,TlBiS2,7.270899832,4.49263668
739,mp-557257,KVF3,3.46754021,2.32983132
740,mp-557938,HfVF6,4.288465031,0.2827703
741,mp-558749,RbMnF3,4.323308649,0.70073129
742,mp-558928,KrF2,3.365379521,-3.58156203
743,mp-568346,HfBrN,6.956648484,1.58397797
744,mp-568588,NdTlSe2,6.764973726,3.17464119
745,mp-568968,K2SnHgSe4,4.89052149,1.36335561
746,mp-569178,HoTlSe2,7.596510324,3.48438652
747,mp-569304,C,1.380072506,0.49719307
748,mp-569507,TbTlSe2,7.394609558,3.51394329
749,mp-570117,ErTlSe2,7.698651427,3.70014918
750,mp-570935,LiI,3.409051004,-0.08134247
751,mp-571222,CsBr,3.600794623,-1.39183461
752,mp-5760,NdSF,6.023136665,3.87236217
753,mp-5782,AlAgS2,3.900206525,2.88185789
754,mp-578610,NaMoO2,5.302940234,3.99394962
755,mp-581024,CsK2Sb,3.446978376,1.8202426
756,mp-5860,K2HgO2,4.832652373,-0.13230634
757,mp-5928,Al2CdS4,3.078721104,1.91604263
758,mp-5967,TiCoSb,7.5570426,7.3977234
759,mp-623024,TiCdF6,3.982610098,-3.1622213
760,mp-625150,ScHO2,3.051696594,0.88177121
761,mp-625359,NdHO2,5.892947833,1.41362084
762,mp-625509,H3BrO,2.432062286,-1.61744385
763,mp-626000,NaHO,2.291794033,2.35807141
764,mp-626173,HoHO2,7.632165939,1.52189521
765,mp-626417,CsH3O2,3.684820159,-0.00122243
766,mp-626620,RbHO,3.645788863,-0.64182617
767,mp-626785,KHO,2.310257139,-0.78890717
768,mp-642807,TbH2Br,6.210786166,2.53808809
769,mp-643,ThO2,9.981284075,4.60125822
770,mp-643101,Rb2H6Pt,3.993634678,-2.1973716
771,mp-643279,K2H6Pt,3.465367128,-2.20512807
772,mp-643370,Ba2MgH6,3.941623827,0.75643983
773,mp-6867,KCaCO3F,2.523223844,0.47038234
774,mp-690794,Sr2HN,3.980250415,1.97406357
775,mp-6949,InF3,4.957041088,-1.74364854
776,mp-6951,RbCdF3,4.884729257,-1.86367532
777,mp-6964,NaTbO2,6.489346357,1.4446235
778,mp-697133,Cs2CaH4,3.132403541,-0.09094951
779,mp-7439,K3Cu3P2,3.325279374,2.49067692
780,mp-7476,RbDyO2,6.820083058,1.4038584
781,mp-7477,RbErO2,7.129688391,1.3756589
782,mp-7483,KHgF3,5.300151194,-1.16605198
783,mp-752467,NbO2F,4.073915141,-0.84700796
784,mp-752658,Y2SeO2,5.549596102,3.72558747
785,mp-753712,YIO,5.229788367,2.77849977
786,mp-754534,Li2CeO3,4.468165299,1.9371709
787,mp-754535,LaAgO2,5.976353439,2.60836687
788,mp-754594,VBO4,2.467658089,-1.43874565
789,mp-754825,NaTmO2,7.081981175,1.2130294
790,mp-754969,TmBrO,7.286961013,1.09859746
791,mp-755419,Bi2TeO2,9.181336803,6.61940021
792,mp-755586,NaLaO2,4.927499835,3.74855897
793,mp-757,Li3As,2.514972709,1.37594068
794,mp-760375,Li3VS4,1.590359148,-0.97864236
795,mp-760513,La2UO6,8.02094101,6.14537092
796,mp-7608,Li2PdO2,4.927262391,2.73987329
797,mp-7650,RbScO2,4.584490911,2.08813434
798,mp-772295,TmClO,6.531708689,0.73003494
799,mp-7863,Rb2Sn2O3,4.648829762,3.00817634
800,mp-7896,Cs2O2,4.690966106,2.45455361
801,mp-7906,Al2HgS4,3.991099701,2.15172338
802,mp-7928,K2PtS2,4.635077073,2.70672237
803,mp-7929,Rb2PtS2,5.408116636,2.74603744
804,mp-7936,LiNbS2,4.273826672,5.91385699
805,mp-7950,ThSeO,9.415368514,6.36050642
806,mp-7958,KLaO2,4.70425925,3.07358829
807,mp-7972,RbLaO2,5.398204456,3.1658162
808,mp-7973,RbNdO2,5.764818401,1.19702152
809,mp-7979,K2PdF6,3.840287492,-2.02499874
810,mp-7988,Cs2O,4.577833402,1.61294492
811,mp-8017,AlCuTe2,5.249753009,4.91045025
812,mp-8041,Rb2S,2.866265052,-0.02807853
813,mp-8128,NaNdO2,5.365910506,1.49203593
814,mp-8136,ThSO,8.69217644,6.58572256
815,mp-8176,RbTlO2,7.924808727,2.73293453
816,mp-8177,HgF2,9.238127499,-1.328695
817,mp-8181,Li2CeN2,5.032936816,5.07943776
818,mp-8276,Sr(ZnP)2,4.54796189,3.75989231
819,mp-8277,Sr(CdP)2,5.166017042,3.20987395
820,mp-8279,Ba(CdP)2,5.423798232,2.93286921
821,mp-8298,Sr4P2O,3.837983005,2.6742856
822,mp-8299,Sr4As2O,4.444698127,2.53445874
823,mp-8301,Gd2CF2,7.843531649,3.41776798
824,mp-8348,TlSbF6,5.551280665,-1.42813764
825,mp-8393,Tl3SbS3,6.796676244,3.43083102
826,mp-8399,CsCdF3,5.557644493,-1.36353217
827,mp-8470,NaPrO2,5.133434126,1.51443816
828,mp-8584,NaErSe2,5.790392346,1.87300071
829,mp-861502,AcFeO3,8.889999466,6.50904465
830,mp-861605,AcH3,7.784733822,6.59472466
831,mp-861884,AcGaTe2,7.181229378,5.75964384
832,mp-8621,K2PtSe2,5.295136483,2.01132511
833,mp-862631,Ba2SbAu,6.882213909,3.37891784
834,mp-863707,KNa2Bi,4.000901203,1.84421421
835,mp-863710,KAcTe2,6.249777281,5.04904022
836,mp-865028,AcTlTe2,8.430613335,6.28014726
837,mp-8658,CsNaSe,3.856099213,0.97207553
838,mp-867168,Sr2SbAu,,
839,mp-867300,Rb2Hf2O5,,
840,mp-867339,CsK2Bi,,
841,mp-8922,Cd(SbO3)2,6.486808373,3.01117367
842,mp-9035,NaLuS2,5.071812842,2.26823104
843,mp-9036,KSmTe2,4.990591467,2.5808057
844,mp-9076,NaTmS2,4.864496452,2.24548262
845,mp-9084,CsGdS2,4.922952551,2.22546921
846,mp-9127,Ba(SbO3)2,5.537944436,1.92110029
847,mp-924129,ZrNiSn,7.802269818,6.51026487
848,mp-9250,RbLiSe,3.57834162,0.62183477
849,mp-9361,RbLaS2,3.881822453,2.36563396
850,mp-9368,RbTmS2,4.992239449,1.80660883
851,mp-9370,RbLuS2,5.182647496,1.93096771
852,mp-938,GeTe,5.947280906,4.6019005
853,mp-9437,NbFeSb,8.567236262,7.27691586
854,mp-947,Au2S,9.644302411,1.37662535
855,mp-9499,Sm2C(NO)2,5.786263051,1.54761732
856,mp-9518,NdZnPO,5.903077751,4.32468338
857,mp-9564,Ca(MgAs)2,3.39083392,3.26395843
858,mp-9565,Ca(MgSb)2,3.869325094,4.20916408
859,mp-9569,Ca(ZnP)2,4.064308803,4.1873473
860,mp-9570,Ca(CdP)2,4.821226034,3.61950738
861,mp-9582,Yb(ZnP)2,6.567339347,3.80857559
862,mp-9583,K2ZnF4,3.419061172,-1.67227607
863,mp-9610,Li2CN2,1.555704179,0.58882221
864,mp-975144,RbZn4As3,5.292193629,2.52603125
865,mp-976876,K2PtC2,4.156474269,1.18412465
866,mp-984,BN,1.956240949,2.15862988
867,mp-985586,Na3BrO,2.93902545,0.9397745
868,mp-991676,NbCu3Te4,6.190207182,4.55881623
869,mp-997086,SrAgO2,6.109194453,1.72912724
870,mp-998739,MgTlF3,7.002339075,2.00429944
871,mp-998745,TlZnF3,7.765297258,0.99723773
872,mp-999121,TbTlTe2,7.315477232,4.53534642
873,mp-999269,RbSmTe2,5.23849125,2.51281133
874,mp-999461,NaPrSe2,4.808470461,1.64865521
875,mp-1001604,LuTlS2,7.377053182,3.91297226
876,mp-1007908,DyTlTe2,7.41891392,4.5661354
877,mp-1008394,Cl2,2.089777517,-1.70072791
878,mp-1013548,Ca3SbN,3.702820691,4.63008327
879,mp-1018766,Li3LaAs2,4.46602236,4.14042327
880,mp-1025286,Rb2ZnF4,4.460158308,-1.5185948
881,mp-1029258,Ca(ZnN)2,5.360849603,3.68786638
882,mp-10623,ThSbRh,10.05353408,7.14935377
883,mp-1067744,YTlSe2,6.422203634,3.53078477
884,mp-1068941,K2PdS2,3.41267652,1.64574095
885,mp-1069558,Ce2SeN2,6.889176358,6.55455143
886,mp-10781,RbGdSe2,5.300175669,1.52895709
887,mp-10931,HoSF,7.540290455,4.23545661
888,mp-10933,Nd2TeS2,5.477917608,3.68744465
889,mp-11147,Na5CuSO2,2.342284853,1.11843338
890,mp-1115,PtSe2,8.416136651,3.08254956
891,mp-1178173,Ho2TeO2,8.662887368,4.97206579
892,mp-1205991,LaBi2ClO4,7.338835382,4.08909277
893,mp-1206523,Rb2MnF4,4.066074087,0.3325018
894,mp-1206528,Cs2MnF4,4.794954278,0.81430767
895,mp-1206825,Lu2SeO2,9.627939356,3.64198169
896,mp-1206843,LuHSe,9.172866941,4.17794847
897,mp-1220879,NaSbSe2,4.884897315,3.48632428
898,mp-1223929,InCuGeS4,3.927119866,3.81117418
899,mp-12444,SrCuSF,4.899800897,4.70281359
900,mp-1315,MgS,2.64938638,3.48975604
901,mp-13312,ScTlS2,5.590737097,4.93511539
902,mp-13610,ZnPbF6,5.860639014,-1.79851203
903,mp-13903,ZnSnF6,4.696484418,-1.91149215
904,mp-13907,CdSnF6,4.840920894,-2.66904003
905,mp-14088,Rb2PdF6,4.25115964,-2.83760292
906,mp-14116,CuRhO2,7.024418963,4.17134387
907,mp-1541,BeSe,4.233530574,2.92071872
908,mp-1543154,MgMnF6,,
909,mp-15782,KPrS2,3.574775068,1.38579779
910,mp-15796,LiHoSe2,6.025846419,2.23313827
911,mp-2097,SnO,6.294342861,6.30205676
912,mp-2201,PbSe,8.046470007,4.55845249
913,mp-22232,TlInSe2,6.854806571,3.56987491
914,mp-22885,XeF2,4.396080865,-4.61689003
915,mp-22898,KI,3.100477185,-0.50676024
916,mp-23033,Sr2NCl,4.038605825,2.79250251
917,mp-23072,BiBrO,7.818496136,2.66047785
918,mp-23406,Cs2PtCl6,4.048737766,-0.5846307
919,mp-23737,KMgH3,1.738989885,0.04181739
920,mp-23870,NaH,1.466045132,-1.01415759
921,mp-239,BaS3,3.806196434,3.4986224
922,mp-24066,SrHClO,3.046420707,-0.64674216
923,mp-241,CdF2,6.34085497,-1.66524454
924,mp-2437,IrF3,8.501165744,2.27501168
925,mp-2472,SrO,4.987595381,1.66284593
926,mp-2605,CaO,3.353083749,2.25697064
927,mp-2693,SnSe,6.015512832,5.44755427
928,mp-27214,CsSnBr3,4.098297207,2.07923045
929,mp-27562,Na2Pd3O4,6.507818828,3.29030401
930,mp-27702,InClO,4.515925265,1.51759804
931,mp-27703,InBrO,5.282551076,1.54344441
932,mp-27726,SO2,2.037555773,-2.00973933
933,mp-27827,Rb2TiCl6,2.872361115,-0.66329505
934,mp-27832,Tl2SnCl6,4.890340443,0.57422051
935,mp-27841,VBrO,4.32672081,1.21623024
936,mp-27869,Ba2PCl,3.939701515,2.04854699
937,mp-27913,CoHO2,5.037599832,3.28388107
938,mp-28067,ThIN,7.653137111,3.89377777
939,mp-28166,K3BrO,2.532004578,1.12577295
940,mp-28171,K3IO,2.911695035,1.8514775
941,mp-28233,MnCl2,2.918073685,0.90501671
942,mp-28553,Ca2IN,4.010938536,3.77030679
943,mp-28627,K4Br2O,2.528464208,0.94492535
944,mp-28873,CsBrO3,4.340530526,-0.35200463
945,mp-29138,KAuSe2,5.880350551,1.33203243
946,mp-2964,NaNO2,,
947,mp-2991,Cs2UO4,6.538392007,2.41630776
948,mp-3104,BaZrN2,5.781184532,3.14991617
949,mp-3159,Al2CdSe4,4.39439509,1.50165954
950,mp-33723,BiTeBr,6.315868677,2.42347249
951,mp-34857,KNO2,1.9667527,-0.87046798
952,mp-361,Cu2O,6.204947168,4.17791244
953,mp-3613,NaErS2,4.79318369,2.19000351
954,mp-4026,KCrS2,3.153376582,3.77838122
955,mp-4043,NbCu3Se4,5.473847418,2.72415191
956,mp-4586,LiAlTe2,3.986690686,2.59359091
957,mp-467,Th3N4,10.49005674,6.57738921
958,mp-545399,NaNiIO6,4.405288872,1.76968596
959,mp-546864,Y2C(NO)2,4.285916918,1.90060606
960,mp-549333,NdBi2IO4,7.957846034,4.06858632
961,mp-552604,YBi2ClO4,7.314987308,3.75291283
962,mp-552857,TbBi2IO4,8.372897999,4.21538309
963,mp-555850,LuSF,6.868318132,2.1286969
964,mp-5621,NbCu3S4,4.152411843,3.03951651
965,mp-568005,CsYbBr3,5.017317509,-0.76529439
966,mp-5693,NaCrS2,3.243352266,4.10969451
967,mp-569393,GdTlSe2,7.256440213,3.36586906
968,mp-570418,YbI2,5.52687486,0.23600424
969,mp-626151,YHO2,4.596638814,1.71207297
970,mp-634657,NaHS,1.835468453,0.56208025
971,mp-6574,Er2C(NO)2,7.011532637,1.81514646
972,mp-661,AlN,3.200889713,6.08101269
973,mp-676861,AlSbO4,5.78986592,6.3855935
974,mp-689925,Cs2NiF6,4.188413133,-2.75247154
975,mp-690785,Na2H6Pt,4.291777136,-1.29232952
976,mp-6980,ScCuS2,3.951686755,5.3532874
977,mp-7028,YbOF,9.631993597,1.77765548
978,mp-7077,KAuS,5.35995606,1.1049047
979,mp-7128,Cd(AsO3)2,5.958314168,2.13534478
980,mp-7472,RbAuO2,6.026663137,0.10664417
981,mp-753287,CaCdO2,5.685125809,2.36222834
982,mp-753594,BiOF,8.953514049,3.58538852
983,mp-753781,EuHfO3,9.133639661,5.45004823
984,mp-754027,NaSmO2,5.81370958,1.19841079
985,mp-754055,CsErO2,7.654740205,2.34267322
986,mp-754363,Ba2HfO4,7.319037353,2.01336718
987,mp-754605,LiLuO2,7.683700996,0.93319169
988,mp-7611,Li2CaGeO4,3.481782506,0.91971225
989,mp-7914,NaScO2,3.555175264,2.09277341
990,mp-7959,KErO2,6.372068321,1.09716097
991,mp-8016,AlCuSe2,4.781385838,3.87614444
992,mp-827,KN3,2.057829582,-0.18786629
993,mp-8407,Li3LaP2,3.455080369,4.61192748
994,mp-856,SnO2,6.873191556,5.59411961
995,mp-865120,NaPaO3,6.188465125,2.93710083
996,mp-865185,Mg(BeAs)2,4.009677,4.63641886
997,mp-8818,Ca2ZnN2,3.583956855,3.04717726
998,mp-8830,NaRhO2,6.118637517,4.27006891
999,mp-9082,CsSmS2,4.719758266,1.9729687
1000,mp-9124,LiZnAs,4.751002046,2.99085436
1001,mp-9307,Ba2ZnN2,5.345536883,2.4028959
1002,mp-9365,RbTbS2,4.641774057,1.7833209
1003,mp-9366,RbHoS2,4.8322273,1.77661099
1004,mp-9488,SmOF,7.225699625,1.53358526
1005,mp-9497,Pr2C(NO)2,5.137562965,1.71947591
1006,mp-961693,ZrInAu,9.877325787,5.38614431
1007,mp-971,K2O,2.413811101,0.47156282
1008,mp-973981,LuBrO,7.408917884,0.86616665
1009,mp-977455,PaAgO3,7.996811026,2.93750237
1010,mp-980057,SrAlGeH,3.993334167,4.09667939
1011,mp-985831,HfSe2,7.094213797,2.55171849
1012,mp-991652,VCu3Te4,6.094756833,4.82548363
1013,mp-996996,CrAuO2,9.692359562,4.07206235
1014,mp-997161,CoAuO2,10.89861186,4.21742731
1015,mp-999137,SmTlSe2,7.021615983,3.31195935
1016,mp-999265,RbYS2,3.611739259,1.71116181
1017,mp-999447,NaSmTe2,5.425991123,3.058829
1018,mvc-15834,CaNiF6,,
