,formula,sup norm,L1 norm,L2 norm
0,Ac2O3,6.108562654383672,18.91524570452779,1.0471896142372557
1,AcAlO3,0.0,0.0,0.0
2,AcCrO3,0.0024124357109090067,0.015486185609033306,0.002259195377653806
3,AcFeO3,0.0471962969682344,0.09549806979658057,0.04679539387931628
4,AcGaO3,0.0,0.0,0.0
5,AcGaTe2,0.0,0.0,0.0
6,AcH3,0.0,0.0,0.0
7,AcInTe2,0.0,0.0,0.0
8,AcOF,0.0,0.0,0.0
9,AcTlTe2,0.0,0.0,0.0
10,AgAsF6,0.0,0.0,0.0
11,AgBr,0.0,0.0,0.0
12,AgCl,0.0,0.0,0.0
13,AgClO4,6.084141947719497,0.2857918123390011,1.369284612374067
14,AgI,0.0,0.0,0.0
15,Al2CdS4,5.059101518410765,81.19615140396158,4.792723247233556
16,Al2CdSe4,4.187726076407475,70.83343461787125,3.667595086841575
17,Al2HgS4,7.485756908785608,158.63561947896832,10.637272193703371
18,Al4C3,24.3147088976738,635.3157919655204,33.59693477564974
19,AlAgO2,23.481961034423996,106.99201813850956,5.963005381786792
20,AlAgS2,6.046175128128528,148.48159942848082,7.200894279632559
21,AlAgSe2,4.453394300979871,141.35360326896645,6.580450971556558
22,AlAgSnSe4,7.973735658116624,64.35369442319009,7.204971185863495
23,AlAs,0.0,0.0,0.0
24,AlAsO4,4.021673202935,70.06415058831482,3.0467669203424235
25,AlCuO2,27.590281491060313,139.83808296800217,18.68009573629832
26,AlCuSe2,6.689331954687256,11.105864328362765,0.9432435334013989
27,AlCuTe2,6.988584683610837,8.64863908138153,0.7417148256337273
28,AlN,10.49114217130024,81.37927589608535,4.5143449990202384
29,AlP,0.0,0.0,0.0
30,AlSb,0.0,0.0,0.0
31,AlSbO4,9.376433559334213,282.59768591479684,11.771753305098308
32,AlWO4,66.83854542408835,471.71044725062734,90.42851086711347
33,As2Os,42.365292714106886,875.6316219367098,87.65814919102243
34,As2PbO6,12.429814693427195,8.947173614316107,1.8150504026621612
35,As2Ru,50.106985429485825,944.0446475450068,99.8434517408318
36,Au2S,0.0,0.0,0.0
37,BAsO4,5.509450676131815,121.00419081824228,5.256345247596656
38,BN,22.625767269718256,998.5479489727135,41.7395966090041
39,BP,0.0,0.0,0.0
40,Ba(AgS)2,6.5628086237315175,6.988001883472634,2.980750668231668
41,Ba(CdP)2,11.53781881785997,167.78323783995404,16.688264402895673
42,Ba(MgAs)2,10.18636005558468,60.850536348717284,4.472188218332228
43,Ba(MgP)2,9.365429848440943,71.89915115789663,5.248622508247047
44,Ba(MgSb)2,15.569431861193245,35.97145263644673,2.443010944487922
45,Ba(SbO3)2,5.577512339069077,76.56506746352116,3.6728371504993387
46,Ba2AsAu,0.0,0.0,0.0
47,Ba2H6Os,0.0,0.0,0.0
48,Ba2H6Ru,0.0,0.0,0.0
49,Ba2HfO4,3.235189051662979,90.42812246751544,4.677558078885796
50,Ba2HfS4,7.847872909266561,6.6126149411560124,3.6039045684369557
51,Ba2InCuO4,8.696171746234086,33.3922222974154,1.5495300650906774
52,Ba2MgH6,10.397756262831543,12.111944913506463,1.8542536530641534
53,Ba2PCl,10.422899486499068,85.85337835888875,6.48861891356596
54,Ba2PbO4,7.919476803425843,170.72306943913574,10.0145458469905
55,Ba2SbAu,0.0,0.0,0.0
56,Ba2ScO3F,2.9306688178639346,16.310396088384856,0.8457413729620246
57,Ba2ZnN2,38.67458077652556,888.933399902804,70.21203602376382
58,BaAgSF,9.119873352190808,87.65020078950221,5.8240007156480145
59,BaAgSeF,10.443599381439332,111.6192272533729,7.771818331036243
60,BaAgTeF,10.25236296860387,135.16718371631504,9.723648433015226
61,BaAlGeH,37.30054001295427,609.1986149781426,52.49318168320724
62,BaAlSiH,36.700957649881715,481.3587279187954,39.22746873020482
63,BaBrF,4.225851492894657,35.123618406992115,1.633399149889116
64,BaCeN2,8.354560558162232,104.64193428735956,5.619885694511765
65,BaCuSeF,8.483009817275942,133.38745280377802,13.740541467618248
66,BaCuTeF,22.616318589903177,162.62899875680253,16.90260754476267
67,BaGaSiH,35.016618059338796,806.8306243918744,73.79883678086829
68,BaHBr,6.803122788837491,35.70612865993744,1.520988855544727
69,BaHCl,4.339466718388333,21.573514215352187,0.8712322664933823
70,BaHI,8.978434030497745,36.87726756146678,1.5207931325276478
71,BaHfN2,12.504401671411552,287.4103982896238,14.664458388221712
72,BaHfO3,0.0,0.0,0.0
73,BaHgO2,21.973207265295247,634.2893037064362,37.025608438848515
74,BaIF,5.94590672647999,77.40719157933545,3.649772572447814
75,BaLiAs,24.509444951670986,401.2705077964563,48.681266337196234
76,BaLiH3,0.0,0.0,0.0
77,BaLiP,9.911735330257061,212.11875673591769,21.670860762787733
78,BaLiSb,11.74929462942035,125.39298849167929,16.083639373101857
79,BaNaH6Ir,0.0,0.0,0.0
80,BaNiF6,9.012328095526234,48.523564587098164,3.1481493209289284
81,BaO,0.0,0.0,0.0
82,BaO2,33.92602561633178,467.86281322066935,16.938531277450977
83,BaPbF6,7.06684215266331,98.8367254260933,5.45981010680171
84,BaS,0.0,0.0,0.0
85,BaS3,12.78371148767055,265.9590279360323,17.552782851839524
86,BaSe,0.0,0.0,0.0
87,BaTiF6,6.5300155794165065,59.37292073851819,3.0141316355202825
88,BaTiO3,8.958985769186532,182.71826285948634,11.766889548196234
89,BaZrN2,15.551224858511949,261.14122899465553,15.883674472038365
90,BaZrO3,0.0,0.0,0.0
91,Be2C,0.0,0.0,0.0
92,BeGeP2,11.826548636013808,36.45116897165309,4.010023439829752
93,BeS,0.0,0.0,0.0
94,BeSe,0.0,0.0,0.0
95,BeSiAs2,9.995405418491037,15.779240754865222,1.98832666369447
96,BeSiP2,12.30545132207673,4.327800462128513,1.5434588225811363
97,BeSnAs2,13.754273043676282,125.47427284507347,15.732792686585766
98,BeTe,0.0,0.0,0.0
99,Bi2Se3,74.01563019588579,1094.5951807340562,68.73042316891247
100,Bi2TeO2,35.93831616246548,1031.2314553101658,80.55223127399012
101,Bi3BrO4,11.303676239171043,409.0050020714179,19.874141546626035
102,BiBrO,18.197188421291898,558.5504731668925,29.04228743277114
103,BiClO,15.627432137110691,540.8581346153533,27.36290457718728
104,BiF5,11.07065055721659,265.0626780045055,13.094084872155149
105,BiIO,13.367843520927375,606.8988122497481,34.033971718843055
106,BiOF,12.427462152829113,193.92557477568548,10.818626670261056
107,BiPbBrO2,14.150300972064166,314.2752201469279,16.016818254133508
108,BiTeBr,30.549421894274516,635.1621352973901,44.88039517318083
109,BiTeI,30.87650594240204,535.327957183669,40.55314653144763
110,Br,83.46019387441493,2496.338290237585,159.0643585587632
111,BrCl,69.4901306306043,2082.753216420497,113.51768260640027
112,BrF3,35.74947375340682,942.5622686117663,48.88996161121983
113,C,76.27263814251342,2088.1334157332644,128.2018358787497
114,Ca(AsO3)2,6.147698997982873,106.70603621644798,6.390296882666629
115,Ca(CdP)2,17.365759586667018,36.07366353777028,2.9202891991175113
116,Ca(GaAs)2,38.6862912418991,3.313736128254136,26.733599712788855
117,Ca(HO)2,6.222895439350388,101.47831683480382,3.1458748112149726
118,Ca(MgAs)2,13.372291878928149,56.98141336240835,5.592416391808162
119,Ca(MgSb)2,15.279497062711604,54.360949252545,5.55114114344301
120,Ca(SbO3)2,6.624315515817704,135.89630694676893,6.799752846346677
121,Ca(ZnN)2,17.360503111679172,82.16547716909622,6.756172228916892
122,Ca(ZnP)2,18.79651935864723,20.359695488881957,1.429328690034283
123,Ca2AsI,20.058085771262363,30.80409410078726,2.880450513162548
124,Ca2BrN,14.699212041930272,42.55429419880897,3.3032284117930146
125,Ca2FeH6,0.0,0.0,0.0
126,Ca2H6Os,0.0,0.0,0.0
127,Ca2H6Ru,0.0,0.0,0.0
128,Ca2IN,13.958843381837779,80.60933221821423,6.1343779574603055
129,Ca2NCl,10.207873337321246,3.063477211635825,0.5976505872512685
130,Ca2PI,21.415529620423385,9.486508892385551,1.5840212572124253
131,Ca2ZnN2,40.41641227075951,535.6013155043594,44.11799476809806
132,Ca3AsBr3,0.0,0.0,0.0
133,Ca3AsCl3,0.0,0.0,0.0
134,Ca3BN3,24.3708739605292,620.1898463027239,38.68880105709056
135,Ca3PN,0.0,0.0,0.0
136,Ca3PbO,0.0,0.0,0.0
137,Ca3SbN,0.0,0.0,0.0
138,Ca3SbP,0.0,0.0,0.0
139,Ca3SnO,0.0,0.0,0.0
140,Ca4Sb2O,17.860498557431143,143.0278344460269,15.211598716739896
141,CaAsAu,49.14431599333945,1333.7382560437534,135.0645925427097
142,CaBiIO2,7.145304701690475,265.80414123515925,15.617261270866505
143,CaCN2,38.12164345089197,1199.0126541075922,64.75346776246937
144,CaCdO2,7.91566652405216,11.41870853643266,0.8736257123837992
145,CaGeN2,11.81109864661201,199.8340567772158,10.05763576232361
146,CaHBr,12.119533938233765,97.64009021155152,4.940553362152216
147,CaHCl,5.823538065471882,48.248531390292136,2.1238838983727564
148,CaHI,13.905223335135613,99.58802894484846,5.216828609515167
149,CaHN,8.63391459072882,125.70236317730844,4.76832178637247
150,CaHgO2,23.39517742618565,590.1398010132652,40.70126680905658
151,CaI2,8.468514727680734,62.255863157628255,4.06511632158559
152,CaNiF6,6.146623508366872,11.92239072228379,1.8516586943880702
153,CaO,0.0,0.0,0.0
154,CaPbF6,0.0,0.0,0.0
155,CaPtF6,2.008378978392527,23.928866677249676,1.453206366904341
156,CaS,0.0,0.0,0.0
157,CaSe,0.0,0.0,0.0
158,CaTe,0.0,0.0,0.0
159,CaTiF6,0.0,0.0,0.0
160,Cd(AsO3)2,3.983933957383265,138.8272818953737,6.808318817238199
161,Cd(SbO3)2,6.085679446527671,202.65558407667493,8.256963823473244
162,CdCN2,49.4073046846925,1585.8356695813789,87.68194066810705
163,CdCl2,7.535221797119491,147.31949421097806,7.25025725536445
164,CdF2,0.0,0.0,0.0
165,CdHClO,5.53114191631197,38.73700929296366,3.269175975753024
166,CdPbF6,2.3564950954608106,25.569934504503358,1.3091477160093505
167,CdPdF6,5.306045007792835,36.36795225214841,2.7415516849584334
168,CdS,8.447110534594431,14.694029791167704,0.9737333538441519
169,CdSe,0.0,0.0,0.0
170,CdSnF6,1.2132782771865882,8.349632428886995,0.24474050417860171
171,CdTe,0.0,0.0,0.0
172,Ce2SeN2,8.638649713927677,165.87222392242126,12.512237173959992
173,CeO2,0.0,0.0,0.0
174,Cl2,53.68296859184798,2159.4855504514762,102.28013993786517
175,CoAgO2,33.501988403491524,22.806570359310534,44.710162223342536
176,CoAuO2,43.23389651911657,479.4394201373235,40.565954680874626
177,CoF2,19.404748038859772,72.07817603619164,25.561477002965137
178,CoHO2,25.01408176482842,109.97882747899193,20.849994211175307
179,CrAgO2,18.416357493121946,71.07047144467262,9.003782824968297
180,CrAuO2,23.310797181160922,314.62809478061763,31.0007726306432
181,CrAuS2,17.493446364396203,538.800877900253,36.28008001622628
182,CrClO,20.245596070052372,193.94342810495027,33.53317663952987
183,CrCuO2,10.28393685012554,104.04510856160903,11.828419566370208
184,Cs2CaH4,2.6110213327355254,3.1678751553683546,0.1464909151222188
185,Cs2H6Pt,0.0,0.0,0.0
186,Cs2HgF4,4.234896631560209,25.013013553748376,1.2234474205650305
187,Cs2HgTe,0.0,0.0,0.0
188,Cs2MnF4,2.4149195791818485,7.023215950203891,0.41713513262683766
189,Cs2NiF6,0.0,0.0,0.0
190,Cs2O,6.250895975534319,2.170584736610779,0.7013166155052422
191,Cs2O2,16.474160000217697,242.75217370281263,8.541449532614578
192,Cs2PdCl6,0.0,0.0,0.0
193,Cs2PtCl6,0.0,0.0,0.0
194,Cs2PtF6,0.0,0.0,0.0
195,Cs2Se,0.0,0.0,0.0
196,Cs2TeBr6,0.0,0.0,0.0
197,Cs2TeCl6,0.0,0.0,0.0
198,Cs2TiCl6,0.0,0.0,0.0
199,Cs2UO4,15.645345280945383,155.7637262494705,6.580943737132441
200,Cs3VSe4,0.0,0.0,0.0
201,CsAcTe2,0.0,0.0,0.0
202,CsAlO2,0.0,0.0,0.0
203,CsAu,0.0,0.0,0.0
204,CsBiF6,3.8315259233343912,30.256689623816055,1.1359602735239327
205,CsBr,0.0,0.0,0.0
206,CsBr2F,75.28315111417693,1416.3872314660218,86.18828210892501
207,CsBrF,86.0845042618008,988.395506382056,57.441347056795244
208,CsBrO3,12.136245122257202,541.4498359619062,25.684434522019707
209,CsCdF3,0.0,0.0,0.0
210,CsCu3O2,12.348044841188424,197.5224056674075,19.996062814536923
211,CsDyO2,8.724104589636573,166.82479186152526,6.340159477196096
212,CsErO2,9.12374211704953,160.2080487387217,6.0045228340492605
213,CsErS2,9.728692514201885,122.04708934012905,7.009168138021357
214,CsGdO2,6.740079661690382,105.91287276466008,5.713458988356226
215,CsGdS2,6.971951730170424,104.44311581760992,8.068950327673436
216,CsGeCl3,2.3446276523631626,81.35695829355025,4.346733513890337
217,CsH,0.0,0.0,0.0
218,CsH3O2,7.877969650525172,272.4476229332654,7.465159941309085
219,CsHgF3,0.0,0.0,0.0
220,CsHoO2,8.767483110141818,164.12418207587228,6.201753403841298
221,CsHoS2,8.60916630535787,119.54460258955122,6.379735934744936
222,CsI,0.0,0.0,0.0
223,CsICl2,103.29592901059165,1477.8409719941833,78.23602842754447
224,CsK2Bi,0.0,0.0,0.0
225,CsK2Sb,0.0,0.0,0.0
226,CsLaO2,7.1390325812757185,144.59354406879942,6.47506497194088
227,CsLuS2,8.345288374147106,94.53554241945535,4.927837117738967
228,CsNaSe,4.869087709212067,18.386241362497124,1.2153684049755662
229,CsNdO2,5.926931548137672,140.00668799648543,6.5894379397560945
230,CsPaO3,0.0,0.0,0.0
231,CsSmO2,6.481100666563767,131.6704440724347,6.112467938585153
232,CsSmS2,8.896847710277443,117.19549274260984,8.123517733391616
233,CsSnBr3,0.0,0.0,0.0
234,CsTmS2,9.300611471956797,107.069162753027,5.652927855861817
235,CsYO2,7.3971210896008674,120.05483234220276,5.274204727075175
236,CsYbBr3,0.0,0.0,0.0
237,Cu2O,0.0,0.0,0.0
238,CuBS2,8.763049124591282,46.71573509514744,3.289379720129828
239,CuRhO2,14.42476032817655,136.14191731507975,15.23688923812857
240,Dy2C(NO)2,31.324935035479434,784.2593763843527,38.54401243389849
241,Dy2SO2,8.455394314085112,1.326198928785892,0.45973383901621184
242,Dy2SeO2,9.758157013565764,86.32148020471554,4.867037602737118
243,Dy2TeO2,22.15604944659584,712.382031337682,37.90265876899019
244,Dy2TeS2,33.103396703941065,566.2103845294832,37.84707469961103
245,DyBi2BrO4,8.552140880504716,296.634617246538,13.709494440054515
246,DyBi2IO4,10.692238994710134,300.8968400466848,14.27636791614914
247,DyCuSe2,7.795138242369309,64.64202410342466,6.236154222442918
248,DyHSe,15.269548992051313,66.71304319165654,4.4538682714461455
249,DyPaO4,6.29962616351161,57.36685275557657,4.607513037687626
250,DyTlS2,23.14470622872595,121.54679919360184,8.880032296454127
251,DyTlTe2,34.965757519843756,113.03700594456635,6.563472427192819
252,Er2C(NO)2,34.93262446474489,759.037616696409,38.405948232556966
253,Er2SO2,7.755739932333115,2.8836834966657734,0.5054181049639282
254,Er2TeO2,23.52878429243636,516.2485757156934,33.893697428253425
255,ErBi2BrO4,8.345071786389857,270.4162059788587,12.47933587845096
256,ErBi2ClO4,7.381939335973982,258.0480545696855,11.49653430570765
257,ErHSe,14.974015011111824,78.99876340754506,5.218306840973652
258,ErPaO4,6.131886068739374,59.6325268751878,4.693186039361386
259,ErSCl,27.969670690714594,281.3476285379602,18.58457137455185
260,ErTlSe2,24.75678038922289,171.84927047921101,12.273180564332055
261,EuHfO3,0.0011672571147808989,0.0065978323945673255,0.0018215567649567258
262,F2,109.16281612395399,1603.0610466851786,74.88480060547603
263,FeS2,28.131343402758823,398.8987459211212,36.269809798330265
264,GaAgO2,18.678357161737544,117.02982172055165,7.443777689374345
265,GaCuGeSe4,11.150242591855717,67.45235122166513,10.695716467542184
266,GaCuO2,19.924213063321037,108.77977334822947,14.20465378013761
267,GaF3,1.7494672092226435,2.0789166113500834,0.17013824979841538
268,GaN,10.422966200810603,48.16690093730287,3.4192762270158976
269,GaP,0.0,0.0,0.0
270,GaPO4,4.836234366376451,52.03963802666442,3.505922031401508
271,GaS,31.75495689591437,268.1523754872277,12.383425050885759
272,GaSbO4,11.698360687959665,263.44385279295545,12.439460724823098
273,GaSe,29.969181195792434,340.6939971366652,17.388427163807325
274,Gd2CF2,14.332408313931186,214.76615498686118,24.488070910084204
275,Gd2SO2,6.517300003068802,5.728446417275247,0.8212549947216223
276,Gd2TeO2,13.861173736736728,284.8562050804573,24.37333327479507
277,GdF3,0.0,0.0,0.0
278,GdHSe,8.234015561869699,49.48018073406914,4.32414689107858
279,GdOF,3.3304627855168905,30.134044352216605,2.202407648375924
280,GdTlS2,15.138721110016704,44.894538133032476,3.9774254255442454
281,GdTlSe2,19.66795973424575,59.282216888370286,4.707387601272239
282,GeO2,2.2457466685567438,73.94169214915146,2.7514616322454346
283,GeSe2,12.560850361340988,250.49400697102448,12.671360830769535
284,GeTe,99.3489626915227,489.3507688853737,51.96619711850864
285,H3BrO,7.854825382577673,369.939789423704,13.722476496802347
286,H4NCl,0.0,0.0,0.0
287,Hf2SeN2,26.510531192268452,174.42445945945786,14.554160918012553
288,HfBrN,31.842287289079835,484.0493557892811,28.828916928011253
289,HfMnF6,0.00020000000000042206,0.001000000000000112,0.00020000000000020002
290,HfS2,34.09353762427016,679.0785429146442,50.25505587239833
291,HfSe2,50.14003199277397,871.6759646554415,75.44115705180425
292,HfVF6,0.002525220767781696,0.02712010652422602,0.0027067250475581017
293,HfZnN2,15.591373719616366,277.1684271798718,18.82808467618522
294,Hg(AsO3)2,5.191833695019422,70.51533687470173,2.645736139047536
295,Hg(SbO3)2,5.953302193777733,147.01554548302903,5.48452521144346
296,HgBr,57.1773731124472,1669.611269156339,97.72100915241516
297,HgCl,42.55483995975076,1280.5346873952412,71.54639719770263
298,HgF,19.25657607052718,703.8652191313085,47.55408146010417
299,HgF2,0.0,0.0,0.0
300,HgI,95.1796396767712,2755.7813742018116,167.8835979989558
301,HgO,22.862231123891615,878.1609542005389,49.46168480592129
302,Ho2C(NO)2,32.930459927580515,778.0558282377438,38.627161000776766
303,Ho2CF2,14.248494371296719,326.8986371039289,29.1859364403294
304,Ho2SO2,8.345028970029377,1.5284066986493274,0.5120738874427022
305,Ho2SeO2,10.199985195432347,85.15627334545897,4.804904598504999
306,Ho2TeO2,22.848825464780465,507.2543441857932,33.00129466694584
307,Ho2TeS2,32.5862625621763,559.7492133316,37.71672301176647
308,HoAgTe2,13.988943090884314,212.16606002704614,13.30493664511257
309,HoBi2ClO4,7.5762664789459455,266.2919342953516,11.885265087073888
310,HoBrO,11.692325784034583,264.4047583841103,12.907620211782275
311,HoHO2,7.7471021038271,204.10264115598537,7.46518550299893
312,HoHSe,15.164394928548445,72.68639071319367,4.802701293887608
313,HoIO,13.329781780659426,332.355138700818,16.65879187963648
314,HoPaO4,6.215122927183338,59.78121484647157,4.7299830565589405
315,HoSF,13.325293032425217,311.68262636534604,21.04758088168248
316,HoTlSe2,23.39876086089723,158.66193885650554,11.197399377220208
317,HoTlTe2,36.11220172989582,121.88652913900734,7.266515160394706
318,In2HgSe4,6.9295965267023885,70.49176947651746,8.146642042242686
319,InAgS2,12.384029538078469,11.614062031864597,10.881921249397069
320,InBrO,12.90478994337703,353.46481669880535,19.170699557852654
321,InClO,12.906983738751197,221.7944438752105,11.29218748058755
322,InCuGeS4,7.775595176377246,54.57801865540782,4.31404239505441
323,InCuGeSe4,8.664211889924673,59.91304999711909,5.400017596139815
324,InF3,1.3812529266134057,8.97233135818059,0.16154250334820602
325,InI,19.97394116510994,219.6360334240479,16.89476375690633
326,InPS4,10.892321578603207,253.4386957786872,15.209664097991016
327,IrF3,7.80591638595047,83.41432073065627,10.502484807067699
328,K2CN2,28.85080761784937,1019.2279819570115,48.973560243921206
329,K2H6Pt,0.0,0.0,0.0
330,K2HgO2,20.889131461121117,578.3473573786985,35.52871574607398
331,K2MgH4,3.690099537952874,6.517437441203421,0.4096231148099297
332,K2NiF6,0.0,0.0,0.0
333,K2O,0.0,0.0,0.0
334,K2PdBr6,0.0,0.0,0.0
335,K2PdCl4,10.898509037478476,337.3584736917102,18.886266141376876
336,K2PdF6,16.36530512917574,83.79647135262789,4.491339008457414
337,K2PdO2,53.225124750757736,497.10144136876994,33.20816605088727
338,K2PdS2,58.78274687753548,1056.226441846491,73.99093853090997
339,K2PdSe2,63.574198797485394,1164.2481379507813,86.76042172006652
340,K2PtBr6,0.0,0.0,0.0
341,K2PtC2,66.2388550477815,1718.9718298797231,135.2631643904464
342,K2PtCl6,0.0,0.0,0.0
343,K2PtF6,16.706025201556482,66.653588230808,4.11870255254596
344,K2PtS2,65.28500128655978,1078.0513864717507,68.49442767828774
345,K2PtSe2,60.22020528809806,1187.03674582213,79.40888880247506
346,K2S,0.0,0.0,0.0
347,K2SnHgSe4,18.350229801285867,484.11358087643146,32.2698807122894
348,K2Te,0.0,0.0,0.0
349,K2TiCl6,0.0,0.0,0.0
350,K2UO4,18.4488028988333,153.59021307322922,6.618806984436994
351,K2ZnF4,2.103158006427477,4.730883469289878,0.25560846923393454
352,K3AuO,0.0,0.0,0.0
353,K3BrO,0.0,0.0,0.0
354,K3Cu3As2,24.329870796663617,64.80014765393199,12.711083264298662
355,K3Cu3P2,27.4484668731696,117.91829306010561,17.713251648040266
356,K3IO,0.0,0.0,0.0
357,K4Br2O,3.173480738873327,33.90993406363376,1.735053330560176
358,KAcTe2,0.0,0.0,0.0
359,KAgSe,8.387472432145454,65.4833643378224,9.328092207481872
360,KAsF6,4.287983069299073,24.819258622289396,0.9722152156907529
361,KAuF6,12.107889108707134,92.81076602877401,5.185938418671032
362,KAuS,32.22485973494488,703.7277932701787,41.87800506360277
363,KAuSe2,57.261952542678806,1270.3712823221558,96.08508315215576
364,KBiS2,33.83959738004788,514.5305871732603,37.70699639759974
365,KBr,0.0,0.0,0.0
366,KBrO3,13.391248618729886,513.8342777860912,26.5320158441694
367,KCaCO3F,19.166721817106946,249.5059734937115,10.57394590447168
368,KCdAs,52.15530995210363,631.4625544114538,95.20052506361007
369,KCrO2,9.440761595483332,234.68869661698972,18.562372986544233
370,KCrS2,16.698073159298925,376.7260448878771,35.31671609348514
371,KCuTe,21.415361714954596,547.1004798305846,59.756263412724024
372,KCuTeO6,49.16079736904194,438.7845210150415,64.17025409934395
373,KDyO2,4.665565270810722,160.97681852853202,8.477283470211043
374,KDyS2,14.64362656499236,178.2293008438468,12.514262796043806
375,KErO2,5.028481224805506,151.3947572165945,7.882091878854222
376,KErTe2,35.16946348939752,296.9663349387602,24.129964070043645
377,KGdO2,4.84637347225434,134.30841327944168,8.875943856640838
378,KGdS2,9.929478145690398,159.66659946016034,12.95476501846194
379,KH,0.0,0.0,0.0
380,KH2N,7.843949935478902,27.762939196887046,7.8426976048933295
381,KHO,3.8349287615949765,113.84569358020255,3.3304287235367562
382,KHgF3,0.0,0.0,0.0
383,KHoO2,4.820513707325524,157.0891031864954,8.178586037956384
384,KHoS2,14.816813091152913,186.75938994904868,12.681560908417804
385,KI,0.0,0.0,0.0
386,KInO2,8.388196830727587,128.08020842938043,8.341522753843883
387,KLaO2,7.585946667511687,213.6266168277868,11.168898365032245
388,KLaS2,11.176276912917519,300.95323681583335,16.70600414142631
389,KLaTe2,14.806247526593376,267.7127988814237,20.383585632001093
390,KLiS,6.342205553275611,5.476923545203101,0.8748823873320282
391,KLiSe,5.872645580996694,1.7911653078373126,0.49290569735646456
392,KLiTe,6.030769138343799,18.844297752901376,1.0475215631145565
393,KLiZnS2,5.434089502391362,61.17683001463884,4.344239808033181
394,KLuO2,5.241819887244489,239.02648479339155,8.908691926919051
395,KLuS2,16.0797678422517,173.370872812046,11.719432942780804
396,KMgAs,10.121101588265974,88.07959785784675,7.604357075505513
397,KMgH3,0.0,0.0,0.0
398,KMgP,7.419820121808884,63.854825076888275,5.08667329308601
399,KN3,31.445094819383197,749.0653922256428,36.82534095198596
400,KNO2,47.60699805812003,623.7275941058198,30.076354698929972
401,KNa2Bi,0.0,0.0,0.0
402,KNa2CuO2,9.843579326647395,80.87455780355194,4.9939038726932
403,KNa2Sb,0.0,0.0,0.0
404,KNbO3,8.270505635054935,205.72051138054206,13.000615228408616
405,KNdO2,5.841450433408246,173.85383036408575,10.182745534740924
406,KNdS2,13.730285424977923,196.43207512677662,14.019595563251919
407,KNdTe2,28.46130288204812,270.8575831058769,23.705779020378426
408,KPaO3,0.0,0.0,0.0
409,KPrO2,5.761881808070692,181.61542607444477,10.585673495989827
410,KPrS2,13.200809458602333,202.3301345705555,14.24108225219079
411,KPrTe2,27.191315846591678,274.1377870695165,23.660385894755635
412,KScO2,10.249874483764405,141.19125091067488,8.882852821275339
413,KSmO2,5.658552251842606,247.44585163077406,11.282269857256502
414,KSmS2,14.286869615307761,179.1361843180083,13.16714403874329
415,KSmSe2,17.4811960290431,198.58559050254928,15.912158338490544
416,KSmTe2,29.56234465265534,258.39662241670953,23.241266808335155
417,KSrCO3F,16.020560498999398,258.220596732346,10.128371493490594
418,KTaO3,0.0,0.0,0.0
419,KTbS2,14.696382581203492,201.08300600790304,13.492930526809232
420,KTlO2,11.826448316973382,203.1767921471979,14.84707159957125
421,KTmO2,5.027704686550122,147.4972113656801,7.571360075080139
422,KVF3,0.002600000000000019,0.04043397352446597,0.0035540984231588863
423,KYO2,5.6722335676295295,131.6519389093259,7.563708888881825
424,KYS2,13.821043802275117,148.48735128188477,11.166157694331677
425,KYTe2,29.244899407294863,225.9417840660226,20.69808097292692
426,KZnF3,0.0,0.0,0.0
427,KZnP,27.467520329546783,967.8365554676714,75.29017122541961
428,KrF2,37.54818870145403,780.4867019409139,42.10599149108913
429,La2SeO2,10.513686779020752,102.05392889429783,6.20383969051231
430,La2UO6,16.12929528665517,135.73718855924375,7.0793421979768825
431,LaAgO2,14.544570930589387,70.08910250655097,4.775289517418054
432,LaAlH6,9.871423198316393,471.1688067288196,14.11085460259089
433,LaBi2ClO4,7.353417341617433,316.725710476559,16.306034557863768
434,LaBr2,12.224549500897783,422.123974132566,37.9448869383795
435,LaClO,5.453192991266677,97.0122717189947,3.927978485715565
436,LaCuO2,11.648706579283706,85.67867292601696,9.182237967833583
437,LaN,15.550007921270787,99.17739298448365,4.865942522714389
438,LaOF,6.6704728767906705,94.56881948570566,4.954242752614832
439,LaPaO4,4.7475728409367255,41.88084311711014,3.6913425208445614
440,LaSF,10.264233520336528,219.93025747504552,14.810313886479648
441,LaSeF,14.342831910051794,80.47209798806041,10.437178399215615
442,LaTiSbO6,4.874988720781225,138.94838164202403,8.094327605944425
443,LaZnPO,30.69628400246518,324.40850019960874,23.57612596764177
444,Li2CN2,35.666186793656536,850.7616336351066,47.46636917743926
445,Li2CaGeO4,3.3073380837162687,14.910219299527375,0.8543272231865064
446,Li2CeAs2,22.39233533727707,496.68086911517014,55.609499060348334
447,Li2CeN2,14.762938106543064,408.6696686701782,33.58333338382282
448,Li2CeO3,14.70799345515723,317.97120801297103,21.401655769610414
449,Li2CeP2,22.244387301969006,494.28711269180377,53.039766094511805
450,Li2CuSb,0.0,0.0,0.0
451,Li2GePbS4,6.634428472747295,16.67324842374759,1.0971800175686752
452,Li2H6Pt,0.0,0.0,0.0
453,Li2HfN2,27.725034547803716,366.6750949417636,27.055380945923886
454,Li2MgCdP2,7.890481744481765,2.220736895717287,0.4059106603658549
455,Li2O,0.0,0.0,0.0
456,Li2O2,25.882963495370834,599.017577496522,35.57424329454972
457,Li2PdO2,37.083945073665184,393.1350331522452,29.360863546187787
458,Li2S,0.0,0.0,0.0
459,Li2Se,0.0,0.0,0.0
460,Li2SnN2,11.923950071180867,132.6036176077617,9.687398769606933
461,Li2Te,0.0,0.0,0.0
462,Li2ThN2,12.266335557822948,303.08062270650174,23.722583289430716
463,Li2TiN2,25.702064768063188,403.41772593232486,42.00021847875821
464,Li2ZnCdP2,9.54536982145661,2.5576953359930896,1.0953215465000856
465,Li2ZrN2,26.62415147093367,335.83730434864754,28.620369613797273
466,Li3As,19.289015483250996,4.438621006965958,3.0750428027796417
467,Li3LaAs2,10.982981544020321,9.849237676664451,1.6914861776490633
468,Li3LaP2,10.57562561622791,1.8248200385158895,1.0214251561993009
469,Li3N,28.031030023101263,41.19382482277034,4.546651666726391
470,Li3P,18.700682931021163,31.479976779795305,4.943627258871128
471,Li3Sb,0.0,0.0,0.0
472,Li3VS4,0.0,0.0,0.0
473,LiAcTe2,0.0,0.0,0.0
474,LiAgO2,33.3810347645289,536.6488954289496,45.11804657615788
475,LiAlTe2,11.896029275350664,0.542717679829853,1.697186026450503
476,LiAuF6,11.189169107855522,19.437805220836438,1.7655032896557112
477,LiAuO2,15.537451294211674,406.4606879294474,33.320965624918706
478,LiBC,21.939326222453698,527.385037206708,38.51554305290504
479,LiBeAs,19.159208401184014,109.07564435784906,11.829647591183798
480,LiBeP,16.23883074608514,101.40361950561702,10.367878459501547
481,LiBiF6,2.4734176112544906,4.138627742550711,0.38402543248983473
482,LiBiS2,26.279698143606687,134.2934927156647,12.434677231327646
483,LiBr,3.1392990316002582,6.048988748246256,0.4367734793585534
484,LiCrS2,14.305163858648099,258.2789272646644,24.60708899721049
485,LiDyS2,15.503396317214634,158.745008261427,11.587959988138591
486,LiDySe2,23.59712569152382,159.43630367894423,13.12356165928352
487,LiErS2,16.662851456524358,143.19405110479838,10.929075278170492
488,LiErSe2,24.826800603021276,146.72735030044097,12.567124732905311
489,LiGdS2,11.849553825270336,160.86660155516032,12.490381675739378
490,LiGdSe2,15.69884433633299,152.8288851313083,13.207393451326185
491,LiGeBO4,4.921743296140583,51.839187979549834,2.695141396041278
492,LiH,0.0,0.0,0.0
493,LiHO,4.586969204169568,117.81316359813158,3.6464985703887356
494,LiHoS2,16.210507944243602,155.69080848275192,11.457750447703217
495,LiHoSe2,24.111198815782792,156.94053712200812,13.03470955944937
496,LiI,4.679468863425922,7.243658068781073,0.49277177440543674
497,LiInO2,5.701990014021421,27.177019354594478,1.954609488942073
498,LiInTe2,7.395778387701999,13.0500196904066,0.9210491039675622
499,LiLuO2,8.704145442259108,6.2947199842408,1.7186825479232606
500,LiMgN,0.0,0.0,0.0
501,LiMgP,0.0,0.0,0.0
502,LiMgSb,0.0,0.0,0.0
503,LiMoO2,481.90690653140956,2839.2370102181126,600.4810511311964
504,LiN3,85.66225278357211,1667.7387824437337,105.26673218602514
505,LiNbO2,44.7613419642441,988.5222797496664,84.84059558844832
506,LiNbS2,44.54413905978892,631.9903292826307,69.63637693692968
507,LiPN2,7.137603073861701,17.298764715435496,1.5410064590475248
508,LiPaO3,0.0,0.0,0.0
509,LiRhO2,24.435617591850896,439.6891393404197,38.828031516573944
510,LiSbF6,0.9594029825493552,2.1695227204704786,0.09399591209964867
511,LiScO2,7.423751380535316,4.76307096314977,0.6806851457489633
512,LiScS2,21.765027326622498,184.73030339610474,17.065952519055998
513,LiSmS2,14.469177827051222,153.2036017074926,11.432561837694399
514,LiTaS2,41.271786381828406,593.1957340325682,63.29697385616956
515,LiTbS2,14.894465395729732,150.8705769803759,11.310324758995296
516,LiTbSe2,22.830710536857495,160.10507214357494,13.09842476343312
517,LiTmO2,8.77277982169848,1.5015770509701225,1.5461241266264785
518,LiVF6,0.0,0.0,0.0
519,LiYS2,16.682292602739814,122.64639980494451,9.85090416303287
520,LiYSe2,24.60017607006771,125.87683226273836,11.197460597549636
521,LiZnAs,0.0,0.0,0.0
522,LiZnN,0.0,0.0,0.0
523,Lu2SO2,9.611703111321091,1.8763853941162283,0.5965549515898139
524,Lu2SeO2,12.788379110185232,80.56633392139139,4.73486145734449
525,LuAgO2,24.40059245725628,116.13177161380905,6.723864918929737
526,LuBi2IO4,10.337380273550934,227.42515864011187,10.431320327526212
527,LuBrO,12.478706067537612,261.1496892778548,13.006688633041794
528,LuCuS2,9.080018556903472,30.74617280355916,2.3360456570522263
529,LuHSe,14.456482126936184,88.14410503998971,5.829938742398519
530,LuIO,14.573913962968218,332.92549894755746,17.12655036149847
531,LuPaO4,5.9898903696144545,60.80582007209499,4.629550641970125
532,LuSF,12.12989875195414,86.37898572186143,8.461995712175264
533,LuTlS2,25.76652707380588,168.3417147540813,12.630575670382889
534,LuTlTe2,38.41737914963336,157.7932422582971,10.32624733357254
535,Mg(BeAs)2,24.778338633123216,59.84668374017052,7.492745219633033
536,Mg(BeN)2,14.202232315958753,52.07101969823469,5.7239157896286255
537,Mg(BeP)2,26.711008089392998,65.089262854131,7.754575347219197
538,Mg(HO)2,5.754701181663245,158.8538109461387,5.309402989345411
539,Mg2FeH6,0.0,0.0,0.0
540,Mg2H6Os,0.0,0.0,0.0
541,Mg2H6Ru,0.0,0.0,0.0
542,Mg3AsN,0.0,0.0,0.0
543,Mg3SbN,0.0,0.0,0.0
544,MgBr2,9.922682753492275,57.47043498450299,3.5806968206115264
545,MgCN2,62.32693235359597,1298.378383177852,75.31924542184322
546,MgH2,7.720387909943383,33.05860196560048,1.6141212268486014
547,MgI2,12.175780562498344,90.00962777423004,6.207528369013058
548,MgMnF6,1.0442297935468203,0.48871469897535585,0.13996362018892547
549,MgMnTe2,4.203672227714149,12.732120019423846,1.0360491376764829
550,MgNiF6,4.288653988512516,27.21448913021893,3.900028121141106
551,MgO,0.0,0.0,0.0
552,MgPbF6,1.5035963581827434,1.4088413323923383,0.13252742995435413
553,MgPdF6,6.704856089321066,13.391578926442833,2.0075753353153916
554,MgS,0.0,0.0,0.0
555,MgS2,30.8120674932754,1278.33946302169,80.42840032814973
556,MgSe,0.0,0.0,0.0
557,MgSnF6,1.311177549712704,0.5676078020237523,0.08020052650287285
558,MgTe,8.36041811117256,18.546346613528783,1.5297107255139997
559,MgTiF6,0.7760957335795948,6.899689880296765,0.16708756603621291
560,MgTlF3,0.0,0.0,0.0
561,MgZrN2,13.052257190336846,29.478179552635407,6.140400578076622
562,MnBr2,5.090640136370601,95.5969651917818,7.149935369374546
563,MnCl2,4.659098850751346,102.52323872735032,6.96257542270939
564,MnI2,9.128445981611346,135.84040421451766,11.259953506134224
565,MnTlF3,0.0018556382787505914,0.0139557764907254,0.0013251317714269753
566,MoS2,50.2146642657586,716.9513042580115,70.29696160257636
567,Na2CeF6,3.451317877793288,17.71818480063115,0.5386960176922901
568,Na2H4Pd,10.716218917136771,184.24509422234232,7.336101361052092
569,Na2H4Pt,9.372983279618074,164.21531685929892,6.9146545902449645
570,Na2H6Pt,0.0,0.0,0.0
571,Na2Hf2O5,10.00764612683722,172.45093041534983,9.711618588412385
572,Na2HgO2,19.36722062041944,772.1249335311971,45.493521295151616
573,Na2O,0.0,0.0,0.0
574,Na2Pd3O4,34.325221931550146,845.9929542391963,76.34744447040778
575,Na2PtO2,35.58878067439623,476.16659936157066,26.09473553329368
576,Na2S,0.0,0.0,0.0
577,Na2Se,0.0,0.0,0.0
578,Na2Te,0.0,0.0,0.0
579,Na3BrO,0.0,0.0,0.0
580,Na3ClO,0.0,0.0,0.0
581,Na3PSe4,0.0,0.0,0.0
582,Na5CuSO2,4.623868462661973,39.20814540066889,2.0534323413206828
583,NaAcTe2,0.0,0.0,0.0
584,NaAgO2,65.9705101466406,1471.7223938457555,108.4139588886838
585,NaAuO2,48.53574940799754,1236.893240533492,75.91033326269196
586,NaBeAs,38.72877611938214,261.20162279926456,24.596981324079252
587,NaBiF6,2.29216495127607,10.78453988854311,0.33734013251205586
588,NaBiS2,32.144426569750124,579.3390896035392,37.51795931343729
589,NaBiSe2,32.227288909257915,702.5648650574595,50.769778016311555
590,NaBiTe2,62.266899070801564,970.8424698829797,76.86495734268642
591,NaBr,0.0,0.0,0.0
592,NaCNO,65.08088410776648,1218.3829352234088,51.338280572673824
593,NaCaAs,0.0,0.0,0.0
594,NaCaH6Ir,0.0,0.0,0.0
595,NaCl7,0.0,0.0,0.0
596,NaCrS2,17.403527988480015,411.68275686571616,37.99170575780381
597,NaCrSe2,19.993913846571832,451.87931077114877,45.14252941443687
598,NaDyS2,16.581812973765516,243.83501211036423,15.466156830460491
599,NaDySe2,26.682606003730996,272.12442716793475,18.747882746107607
600,NaErS2,16.3209785912966,225.4816044388017,14.58117140166027
601,NaErSe2,30.640130157812735,253.61628792475994,17.942873605624563
602,NaGdS2,11.714839179174863,175.92375544114196,14.219172363789557
603,NaGdSe2,16.691856570554435,189.41011602998648,16.531752654738955
604,NaH,0.0,0.0,0.0
605,NaHO,5.813041363148198,188.39150929448783,6.352904060370308
606,NaHS,13.483002978021611,131.84100041361026,4.888070758831009
607,NaHoS2,16.428388764221662,235.62680473657383,15.084525873204754
608,NaHoSe2,28.650168531471063,261.6206405761647,18.349097852516266
609,NaI,0.0,0.0,0.0
610,NaInO2,7.140711617430747,163.02754934343986,8.989139726934592
611,NaInS2,15.860651876806038,202.36133983412168,13.637415926621324
612,NaLaO2,4.119714130859083,25.14462924841004,2.710864865852695
613,NaLaS2,11.365879400086127,249.69201817582416,15.8107302188613
614,NaLaSe2,13.461943419577436,244.63993564727002,16.53933700436429
615,NaLi2Sb,0.0,0.0,0.0
616,NaLiCdS2,8.673795959624131,49.29035078200294,3.9836192332905496
617,NaLiS,10.596757851343023,12.93665748019941,1.0180937932853786
618,NaLiZnS2,11.560063436664127,9.500044584028194,0.7227138969928053
619,NaLuO2,8.66994447363712,176.5874145186053,9.556329690364624
620,NaLuS2,16.921020254370347,210.01306208147207,13.841733892001884
621,NaMoO2,612.2658999098386,3622.87226341618,800.653892474378
622,NaN3,77.1367991780248,1730.4231050291223,91.02798258925864
623,NaNO2,55.105582018121424,896.5990505179462,40.69334940083237
624,NaNbO2,34.184433665584294,1091.2544993843262,87.64529889562664
625,NaNbS2,38.34868990148164,797.9470097898226,78.51669893348628
626,NaNbSe2,37.51337929493894,708.0284009417547,75.7202488309341
627,NaNdO2,4.541802043242308,30.29070730438625,2.2833223411897916
628,NaNdS2,14.895201805316486,209.64970326649157,14.857318470665767
629,NaNdSe2,20.448839601951082,221.73347638205155,17.10756556265649
630,NaNiIO6,20.46695161132508,322.6684033044803,33.67083729133213
631,NaPN2,4.735415166593104,107.6270470467341,3.898459415845285
632,NaPaO3,0.0,0.0,0.0
633,NaPrO2,4.072412695196792,25.7031239471003,2.083731714758682
634,NaPrS2,14.391825375492509,277.3809652662023,17.032594748645586
635,NaPrSe2,19.758979432865377,228.67793002786036,17.27635180610475
636,NaRhO2,31.07234040300355,481.27561858582817,43.67834118438648
637,NaS,24.540318793645667,819.5122189713919,44.65083084482576
638,NaSbF6,0.0,0.0,0.0
639,NaSbSe2,47.74873928192189,777.3965092902093,63.92978814232206
640,NaSbTe2,67.27602952852311,1072.8653489786668,96.44938181233618
641,NaScO2,13.995864326333514,165.4703678652036,11.1692510526231
642,NaScS2,19.55972617531943,201.8449284141922,18.170939951821794
643,NaSmO2,4.599910833918414,36.9091338397422,2.5626027807335556
644,NaSmTe2,33.62141734702322,241.99361669478415,22.344924667013885
645,NaSnP,34.52881588202462,596.0268045619797,41.92017917616038
646,NaSrP,20.851740702831993,11.949187701056964,1.6579882880346042
647,NaTaN2,33.42994040622725,962.5800092124164,74.78927108586524
648,NaTbO2,4.45855849799013,59.326938525091784,3.28959663741448
649,NaTbS2,16.66714647580739,248.5354103364888,15.73843362487666
650,NaTbSe2,24.928553064524934,275.3444215997762,18.94126775443788
651,NaTl2Bi,0.0,0.0,0.0
652,NaTlO2,8.583418005711028,199.06698724261693,12.099716285762797
653,NaTmO2,8.230313906936939,191.24130822166936,10.259949085529708
654,NaTmS2,16.465108890584915,221.88941549145989,14.427299480614433
655,NaYS2,16.25132923804313,166.25815929632734,12.446618855721884
656,NaYSe2,25.760673397807423,182.66595997805132,14.931262790852738
657,NbCoSn,0.0,0.0,0.0
658,NbCu3S4,0.0,0.0,0.0
659,NbCu3Se4,0.0,0.0,0.0
660,NbCu3Te4,0.0,0.0,0.0
661,NbFeSb,0.0,0.0,0.0
662,NbO2F,25.357141041168703,480.98507408017207,31.01540844741183
663,NbSbRu,0.0,0.0,0.0
664,NbTl3S4,0.0,0.0,0.0
665,NbTl3Se4,0.0,0.0,0.0
666,Nd2C(NO)2,21.325332538005302,602.0182867701259,32.41412006493138
667,Nd2SeO2,10.1733752346528,67.57057668686312,4.275477785186878
668,Nd2TeO2,17.087984007483154,329.11244161866495,23.353987263078903
669,Nd2TeS2,11.415178568279767,53.001481691291666,3.3356832616752623
670,NdAlH6,10.862673336380244,149.77889074835343,5.754944072144358
671,NdBi2BrO4,9.966296614088908,281.09237327376985,15.780935635033343
672,NdBi2IO4,11.24925063104205,287.2822807788199,16.898943463653705
673,NdBrO,10.665922441120598,198.9559304590834,10.896804271872448
674,NdCl3,6.630374649182181,84.61278555131737,4.538952387242357
675,NdClO,6.937403148152772,84.12747251451182,4.114789518695591
676,NdCuO2,11.754032619876963,75.98755609549353,8.897253581176942
677,NdHO2,7.563386210431506,158.00196347994617,6.934030250785591
678,NdHSe,20.873333644071536,91.39605591628666,6.358163751569219
679,NdSF,13.529573387213656,231.81981026875062,17.445243310674986
680,NdTlSe2,20.141143349590212,38.2057445633371,2.983151173899067
681,NdTlTe2,26.51765910815188,11.84006489929417,3.1269007024101247
682,NdZnPO,22.614044417435295,52.6133022269039,6.100542274161206
683,NiF2,3.6542818993613517,33.580716733863916,2.305201436388427
684,O2,75.85572853979534,84.49359723374332,59.78078005146
685,P2Os,32.30707440787684,621.3520052646971,57.66225096655669
686,P2Ru,39.83417952219139,642.9280739247818,61.332821567954056
687,PaAgO3,0.0,0.0,0.0
688,PaTlO3,0.004044749683231221,0.019646882704391317,0.001240496160792053
689,PbBrF,13.561075852601077,327.40000412858853,20.820613232019973
690,PbClF,10.511039198861356,161.33660123964398,10.049640792602103
691,PbF2,0.0,0.0,0.0
692,PbS,0.0,0.0,0.0
693,PbSe,0.0,0.0,0.0
694,Pr2C(NO)2,19.599885044739647,612.5724804207707,32.42607127274458
695,Pr2SO2,8.52367123745675,5.563974204044504,0.587210887288575
696,Pr2SeO2,8.753068854051747,68.36995621946565,4.288648133734936
697,Pr2TeO2,16.06401746263991,319.97723719102135,22.36376005167641
698,PrAlH6,10.253501268235015,114.27430171967725,5.300365534448746
699,PrBi2BrO4,9.925079225880266,293.51091995283616,16.44389620043807
700,PrBi2ClO4,7.88890454499229,271.94860037006947,14.55281979799821
701,PrBi2IO4,11.637454419244786,309.20892574710734,18.221212868253534
702,PrBrO,10.704789105816147,196.22863337576348,10.61625194244243
703,PrCl3,6.6950797926382215,79.13097067809022,4.310394809384934
704,PrClO,6.803770354737144,75.04042097589777,3.866960258464949
705,PrCuO2,11.601334402187726,74.1741753040927,8.76557571779083
706,PrHSe,19.468240054971872,104.48499750774978,7.12102028895343
707,PrOF,4.451213859323278,47.76566930172561,2.9702724412179653
708,PrSF,12.803543573558063,228.6514876444056,17.002493873488707
709,PrTlSe2,19.54865014879027,22.901917804139487,1.818341279984087
710,PrTlTe2,25.33276323577244,1.7910790194749944,3.6423117535388765
711,PtO2,21.677280845323256,390.98041101523404,22.11257163124946
712,PtPbF6,8.70276624362566,185.09780128911785,9.88254843515201
713,PtS2,44.66899220430702,1665.216899512644,107.43351578928366
714,PtSe2,41.41771513735269,1711.0994026390008,118.0573061601074
715,Rb2H6Pt,0.0,0.0,0.0
716,Rb2Hf2O5,9.114304328910682,165.76861544815998,8.898357785103368
717,Rb2MgCl4,3.726932250524552,9.90389773977907,0.4281889009957961
718,Rb2MnF4,2.367709241407881,7.741869327236147,0.42103533111904196
719,Rb2NiF6,0.0,0.0,0.0
720,Rb2O2,17.528570042935833,274.6872297664456,11.492198065742718
721,Rb2PbCl6,0.0,0.0,0.0
722,Rb2PdCl6,0.0,0.0,0.0
723,Rb2PdF6,0.0,0.0,0.0
724,Rb2PtC2,61.30567424476179,1609.7959468275478,119.46704258838157
725,Rb2PtCl6,0.0,0.0,0.0
726,Rb2PtS2,59.98210548708617,1076.576902073493,65.77707794329689
727,Rb2PtSe2,64.08794642021196,1185.2287647884505,76.18539422403532
728,Rb2S,0.0,0.0,0.0
729,Rb2Se,0.0,0.0,0.0
730,Rb2SeCl6,0.0,0.0,0.0
731,Rb2Sn2O3,6.077022008864086,179.12105845418446,11.541073300283422
732,Rb2SnCl6,0.0,0.0,0.0
733,Rb2TcCl6,0.00038284271247490475,0.008056422839334476,0.0004932653601303251
734,Rb2Te,0.0,0.0,0.0
735,Rb2TeCl6,0.0,0.0,0.0
736,Rb2TiCl6,0.0,0.0,0.0
737,Rb2ZnF4,1.4397070813189743,3.5146785457563623,0.22745647041316197
738,Rb2ZrCl6,0.0,0.0,0.0
739,RbAcTe2,0.0,0.0,0.0
740,RbAlO2,0.0,0.0,0.0
741,RbAu,0.0,0.0,0.0
742,RbAuO2,44.127046729253706,889.2478504976937,49.96262139458306
743,RbBiF6,11.336777203128474,52.831360950503026,2.2076361133908122
744,RbBr,0.0,0.0,0.0
745,RbBrO3,13.10196282869323,534.90332567865,26.505868031930472
746,RbCNO,18.013799995564977,431.07549451344306,17.5919491226879
747,RbCdF3,0.0,0.0,0.0
748,RbDyO2,5.896348442194135,159.12703706357917,7.531194342215174
749,RbDyS2,12.703871180087644,175.39403767983143,11.326794756415282
750,RbErO2,6.069664845716361,151.7013239054866,7.019458886174795
751,RbErS2,12.278299849682895,163.07127034377814,10.57391474070395
752,RbErSe2,18.18306511216017,193.86219881260612,13.774694677123838
753,RbGdO2,3.505151984924232,120.68481167410162,7.642332506138368
754,RbGdSe2,11.93628647802966,169.41930478520055,14.41538966961314
755,RbH,0.0,0.0,0.0
756,RbHO,4.472235093830619,104.46676730304773,2.7528292342723395
757,RbHgF3,0.0,0.0,0.0
758,RbHoO2,6.026515279935615,155.27377393281665,7.246868443046937
759,RbHoS2,12.54931301296046,168.12833507480917,10.908866839599714
760,RbHoSe2,18.027108172929815,197.5605408970738,14.059313941494091
761,RbI,0.0,0.0,0.0
762,RbIO3,7.008612488197734,414.8658014896723,21.646062780628107
763,RbLaO2,6.071917395292326,189.12847569781255,9.592788439117447
764,RbLaS2,9.600213749531118,196.83772575784678,12.6362942065455
765,RbLiS,5.724335996427883,0.8682315359396392,0.5617630552760123
766,RbLiSe,5.326222950647111,8.400928924827312,0.3919847011539335
767,RbLuO2,7.4711432201309576,142.05931658693504,6.23976122335553
768,RbLuS2,9.946929001551297,150.71264173754562,9.723059356687669
769,RbLuSe2,16.048286437148672,181.38584636052687,12.901944605841688
770,RbMnF3,0.0017676619087329329,0.00332081746965885,0.0020731387236147575
771,RbNdO2,5.96885838495135,157.64162423064576,8.861170997168793
772,RbNdS2,12.541368222519507,170.67969615666763,12.184588431359833
773,RbNdSe2,15.509594816915028,187.59209322412948,14.65899239617666
774,RbPaO3,0.0,0.0,0.0
775,RbPrO2,6.203453239316601,164.4137898567765,9.257541773812791
776,RbPrS2,12.11155928233195,178.69956764941787,12.563729335623762
777,RbPrSe2,15.212481805462646,196.1402951876578,15.035805467979964
778,RbSbF6,3.158737023301529,28.912203074987474,1.1153483111272111
779,RbScO2,8.549051089716926,131.94955174564137,7.3621949124806125
780,RbSmTe2,26.438943948105322,229.77286036621814,20.837943127773638
781,RbSrCO3F,14.290393245416624,256.6153384713118,10.012174235162984
782,RbTbS2,12.948651805171453,180.650133043412,11.679070268768923
783,RbTbSe2,17.008775774296655,208.21515197495853,14.781716227895016
784,RbTlO2,10.053282029943462,223.13483666784316,15.124390258248077
785,RbTmO2,6.193652108972886,149.5126123029478,6.781349076007212
786,RbTmS2,11.70505410545296,159.7427129568492,10.3173188664281
787,RbUO3,0.012276710933651111,0.09846639516996915,0.0029302820521590056
788,RbVN2,7.324304540364227,18.01207559388984,2.053450819451811
789,RbYO2,6.014852190821816,124.69312805421421,6.563472718848767
790,RbYS2,12.189640745739068,124.76315075335685,9.2926704142454
791,RbZn4As3,17.9260405466461,224.80002805916143,22.934185287696376
792,RhF3,7.855372202011036,83.67629750520871,10.017076898146748
793,RhF6,0.0030817362301384862,0.01443062470995303,0.0026836060927680314
794,SO2,18.53566256063598,309.92749388734956,15.097801966379206
795,Sb2PbO6,5.853898609450106,70.05787672330015,2.4152792614463854
796,SbF3,9.65443202695351,156.20174571024455,7.941054862705958
797,ScAgO2,17.868663888572577,98.2973842379053,6.882915463652456
798,ScAlCO,29.488455636081166,221.79147848088292,21.427884807734447
799,ScCuS2,7.205438756783056,7.741260666561249,2.2858934262003956
800,ScHO2,14.967776972947277,130.12777646129302,8.420413083231413
801,ScPaO4,7.030868580765823,46.11287032011783,3.4837723887515866
802,ScSbPt,0.0,0.0,0.0
803,ScTlS2,11.682686263323715,125.98550248456979,10.433505420688823
804,ScTlSe2,17.430258318534,196.97904593846368,15.565987376674746
805,Si,0.0,0.0,0.0
806,SiPAu,40.48270559867511,832.4273011604885,38.79527731984729
807,Sm2C(NO)2,24.366857409224565,584.8279660754137,32.426406324118446
808,Sm2SO2,8.840313590179822,1.7194887367265403,0.41965311988524046
809,Sm2SeO2,10.953983039360972,63.82473050292103,4.144504670465841
810,Sm2TeO2,17.52652585882325,342.74252294257235,24.972386617568368
811,SmAgO2,20.111601020301315,77.24225205324208,5.124235159053113
812,SmBi2BrO4,9.619313582579581,250.8352362587842,14.144291832940354
813,SmClO,7.036781195973057,78.15723932944397,4.086341795129377
814,SmOF,4.9283333132107785,43.49713410442773,2.757218427978447
815,SmTlS2,19.039806987964674,43.738062901585025,4.081403071597398
816,SmTlSe2,21.531759374781096,62.02184024676299,4.987129010654335
817,SmTlTe2,29.80726857409914,39.242242750138004,3.1128002711521665
818,SmZnPO,21.085135125968215,23.660540103287474,4.027018066123995
819,SnBr2,16.74070777152371,204.10385444590923,12.382446516347612
820,SnF3,0.0,0.0,0.0
821,SnF4,5.4129565045361305,128.08986957257775,6.942299512262625
822,SnO,20.050245218450574,293.6759257835764,17.80293189811302
823,SnO2,11.724742603571306,233.83832195583332,10.514747519681203
824,SnS2,22.421855428130833,414.01485038317094,27.68437525048537
825,SnSe,0.0,0.0,0.0
826,SnSe2,24.619287395200523,460.3933935377777,35.38788617528303
827,SnTe,0.0,0.0,0.0
828,Sr(CdP)2,12.881214884977933,117.9694212503745,11.758989922210057
829,Sr(Li2P)2,20.020868190342128,148.3151312766477,15.342847606766577
830,Sr(MgAs)2,12.487636506453144,36.54201812986669,2.787700899928812
831,Sr(MgSb)2,9.931886408278572,21.40318504767577,1.620526954093414
832,Sr(SbO3)2,6.50877213800173,112.7072825498712,5.706812755663773
833,Sr(ZnP)2,18.25662174977479,48.551084000364526,4.436714051206664
834,Sr2BBrN2,11.186993474602982,278.43478403598255,13.397281426049277
835,Sr2BrN,6.857405228353691,24.26216405230347,1.6440595697486269
836,Sr2FeH6,0.0,0.0,0.0
837,Sr2H5Rh,15.82950124924977,121.34956349323997,22.757940707905373
838,Sr2H6Os,0.0,0.0,0.0
839,Sr2H6Ru,0.0,0.0,0.0
840,Sr2HN,11.02833020585043,33.52410171795331,4.928925010591615
841,Sr2NCl,7.4256022112709825,16.102480138818944,1.0453147918997499
842,Sr2SbAu,0.0,0.0,0.0
843,Sr2ZnN2,42.12275942433022,620.7606848448129,49.79789223859944
844,Sr4As2O,14.198415827126631,118.9782965653822,13.006583952272486
845,Sr4Bi2O,23.48106835729584,208.218907243026,23.7767368660427
846,Sr4P2O,8.99230031749385,84.80113355964046,9.696567780431423
847,SrAgO2,97.02628477589091,1320.5724133809856,153.0003766285279
848,SrAgTeF,23.898354815342415,52.89950870773743,4.603175511606445
849,SrAlGeH,39.947672826393344,487.64881233421806,43.6679700884943
850,SrAlSiH,36.89900840682732,407.9795181548898,35.196942907785356
851,SrCN2,31.83638827196554,1151.3451152133819,58.231037559396015
852,SrCeN2,12.659674216639079,373.5385202782081,30.3926253563164
853,SrCuSF,6.479900557878954,100.79960242818436,10.209709798049742
854,SrGaSnH,66.82168563338647,1156.0550340623086,131.00688648208254
855,SrHBr,9.642438811835937,26.033803552304725,1.1751592282741394
856,SrHCl,4.416232933168268,14.662791876037746,0.6339553986840255
857,SrHClO,5.156500655496041,46.359313560942326,1.2073110436697205
858,SrHfN2,10.478056432373325,261.28545430942154,13.811130624960681
859,SrHgO2,24.517220231122344,603.6625691518693,38.64763059612878
860,SrIF,6.533936421484373,131.14587417147283,7.266687369952303
861,SrLiP,13.55434740662498,207.5837263441228,21.41773135810074
862,SrO,0.0,0.0,0.0
863,SrO2,34.24143156937221,336.4549138678167,15.854884756710991
864,SrS,0.0,0.0,0.0
865,SrSe,0.0,0.0,0.0
866,SrTe,0.0,0.0,0.0
867,SrTiN2,17.345237467385676,253.43264360101614,15.261637009007806
868,SrZnAsF,31.951392223813976,351.33708904657465,31.514329517145494
869,TaCu3S4,0.0,0.0,0.0
870,TaCu3Se3S,4.50142702119588,36.939535773012736,3.3127068623641196
871,TaCu3Se4,0.0,0.0,0.0
872,TaCu3Te4,0.0,0.0,0.0
873,TaSbRu,0.0,0.0,0.0
874,TaSnRh,0.0,0.0,0.0
875,Tb2SO2,8.548084557777347,2.0739596852917614,0.5194834869727777
876,Tb2SeO2,9.574103026947508,86.79381491841843,4.880219398929284
877,Tb2TeO2,21.243092298439038,500.96268907909547,31.60375578382462
878,TbBi2IO4,10.57022941851311,314.5490501258593,14.979946374800647
879,TbH2Br,13.343153894451222,327.24114532515625,20.631647559571523
880,TbHSe,15.087607501240889,60.92197936273781,4.105249280499873
881,TbOF,6.04808601208886,51.33507947355561,2.776754750098178
882,TbSF,12.942718008208322,310.59940564173706,20.923333293588225
883,TbTlS2,22.545948635263695,109.7170010035316,8.034229005647703
884,TbTlSe2,22.26894529362356,136.03340501683178,9.377387923651078
885,TbTlTe2,33.828360900354134,101.00906145769844,5.769093499823684
886,Te,85.35976790877723,3042.835318584183,247.70436748232078
887,TeO3,12.177087235457467,257.0564058760812,12.672943507890702
888,TePb,0.0,0.0,0.0
889,TeSe2,83.38354550343362,2427.458606165389,204.88872206902306
890,Th2AsNO,10.527335173586653,152.57625099488519,10.032941665149554
891,Th2PNO,7.566697967382699,31.652552937989242,1.6166369574121497
892,Th2SN2,6.0799163426208835,18.629569628256213,0.7882883339703523
893,Th2SeN2,8.41522447204437,73.79812659778267,5.0070893889168495
894,Th2TeN2,14.145660210820846,398.1755555376553,25.183632560941565
895,Th3N4,4.331085968211992,235.02173513179213,11.60497990373145
896,ThBrN,10.4853849161583,276.58537806044563,14.899391891577253
897,ThIN,8.361581833600626,305.1702150945917,16.4844478838959
898,ThNF,16.10513360423339,156.3478856565617,10.822348925931678
899,ThO2,0.0,0.0,0.0
900,ThSO,8.704980611121428,114.6505074253054,8.07322422078943
901,ThSbRh,0.0,0.0,0.0
902,ThSeO,10.603884005401039,178.17187076124068,12.540614052442754
903,ThSnPt,0.0,0.0,0.0
904,Ti2FeNiSb2,27.26000124928671,67.18387880301485,5.211657709425406
905,TiCdF6,1.2302556790773558,10.197661065422311,0.5701241029124141
906,TiCoSb,0.0,0.0,0.0
907,TiFeTe,0.0,0.0,0.0
908,TiNCl,49.00019720780477,802.2474282386064,67.84945458328791
909,TiPbO3,11.504958047728813,99.32464936137417,5.171142087190447
910,TiSnPt,0.0,0.0,0.0
911,TiTl2F6,4.568189250441589,51.242123999787495,2.9816423911302206
912,TiZnF6,1.4106888427514734,5.998193923226953,0.31861148386263166
913,Tl2GeF6,5.784484143536803,46.64120827438386,2.430461260155494
914,Tl2PtCl6,0.0,0.0,0.0
915,Tl2SnCl6,0.0,0.0,0.0
916,Tl2SnF6,4.752633021452876,46.130480936139655,2.323839472249909
917,Tl3SbS3,12.324543385115364,480.43877789269993,27.84695524358674
918,Tl3VS4,0.0,0.0,0.0
919,Tl3VSe4,0.0,0.0,0.0
920,TlBiS2,13.85377984944273,67.4721755725759,10.126072950809718
921,TlBr,0.0,0.0,0.0
922,TlCl,0.0,0.0,0.0
923,TlClO4,0.0,0.0,0.0
924,TlI,0.0,0.0,0.0
925,TlIO3,9.870137485762385,482.06304174165757,24.26934756790259
926,TlInF6,1.4455633498983247,11.5649585285989,0.32956257661371446
927,TlInSe2,25.297049238201673,376.5972040454879,19.455160442837375
928,TlNiF3,0.004199390704277233,0.0564094025857693,0.0036264253666807612
929,TlSbF6,5.48947075848666,41.40119031465013,1.461527287263469
930,TlZnF3,0.0,0.0,0.0
931,Tm2C(NO)2,36.759026317290605,699.8151214438369,37.25129632805392
932,Tm2SO2,7.845997519086011,3.314583533054546,0.47850418065916833
933,Tm2SeO2,12.564441168561128,80.68645155224041,4.694217833922187
934,TmBi2ClO4,7.0691724720790345,247.04692862442158,10.98635255970579
935,TmBi2IO4,10.320811847911965,243.6099372180866,11.250480796016673
936,TmBrO,12.864611583720666,266.8345106801589,13.1410244041494
937,TmClO,5.940277590797713,56.71903395063523,2.616843701783693
938,TmIO,14.134299203002602,302.0907382885479,16.16850645006496
939,TmPaO4,5.877546052563094,60.60269587303855,4.706737380591422
940,TmTlS2,22.861393416513565,151.2616044670234,11.253604268306105
941,TmTlSe2,26.871280465542178,182.32329177774244,13.165623679447663
942,TmTlTe2,37.66354749486892,139.9511415704631,8.758933392122758
943,U(BiO3)2,11.684096790482272,197.41373545142102,9.50231426033854
944,U(OF)2,29.539495583546643,821.1210876848319,38.52310693354773
945,UCdO4,20.503629661598048,455.57822560849576,30.84709664029269
946,UF5,7.3093982789283,183.98520097007687,10.108035614963397
947,UN2,0.0,0.0,0.0
948,UO3,0.0,0.0,0.0
949,VBO4,8.118855477035586,47.78090203580441,6.536566243702823
950,VBr2,6.696132717960688,196.3875355472362,14.696130969362894
951,VBrO,36.00839409301575,283.2469366109553,54.78297273744977
952,VCl2,6.032005984015333,184.55664149365248,13.119568012728603
953,VCu3Se4,0.0,0.0,0.0
954,VCu3Te4,0.0,0.0,0.0
955,VFeSb,0.0,0.0,0.0
956,VI2,8.425648789248093,250.15213719599944,19.565634869415604
957,WO3,14.421009501418409,189.35099824188893,23.57918704282773
958,WOF4,31.861003509962018,152.76263584345153,10.433275331923728
959,WS2,53.904653087513694,928.6863409839233,81.74007231442873
960,WSe2,37.0927209788416,819.4500029939322,76.00812022007779
961,XeF2,63.985362288886044,1240.854359189177,67.11209629834359
962,Y2C(NO)2,30.422051544238577,578.3694425369177,32.823887968004215
963,Y2CI2,22.161187143008124,262.48732166852346,34.221388245750774
964,Y2SeO2,10.361999922311544,59.819111302306275,3.996951692440458
965,Y2TeO2,22.061864234919042,375.7694230166704,27.93553445531294
966,YAgO2,19.887498746389923,73.78174224721221,4.908783095147153
967,YBi2BrO4,8.722530458530942,213.6606876740783,11.691521454895726
968,YBi2ClO4,7.955488251515429,204.10187323050218,10.721871227321541
969,YClO,5.571466161413927,48.20146370027538,2.5881919917024865
970,YHO2,7.184096745854779,143.62295721529802,6.409929283459354
971,YHSe,15.970096479648959,49.731915526756026,3.937304813828363
972,YIO,12.163035188636098,239.93572900925065,13.883136422272921
973,YOF,7.057919608272065,41.249594668046015,2.626824687672652
974,YSF,12.832630433391278,235.8752843695164,18.41659794437541
975,YTlSe2,19.368604230953768,117.65183778980102,9.682341033776737
976,YTlTe2,26.926908018129634,92.5044839741943,6.524593278832626
977,YZnPO,21.250158504736014,37.69561405744237,2.6634975917211707
978,Yb(CuS)2,9.296224009499875,1.0668179153449442,0.8306712499169595
979,Yb(MgSb)2,16.09004821247104,36.86280007812752,3.691964217148048
980,Yb(ZnP)2,14.698018070722977,58.179300846555776,3.9549194379549286
981,Yb2H6Ru,0.0,0.0,0.0
982,Yb3PbO,0.0,0.0,0.0
983,Yb4As2O,16.62698057255135,294.5201900986088,25.276225982029217
984,YbGeO3,0.0,0.0,0.0
985,YbHCl,5.168336927871478,39.949787079783,1.3760153939475157
986,YbI2,10.714224817268093,95.90162793630527,5.041543882873327
987,YbO,0.0,0.0,0.0
988,YbOF,19.135956104799362,282.2431198413069,13.263882462120907
989,YbS,0.0,0.0,0.0
990,YbSe,0.0,0.0,0.0
991,YbSiO3,0.0,0.0,0.0
992,YbTe,0.0,0.0,0.0
993,ZnCl2,4.017450958008076,34.6879926089706,1.2958021224537049
994,ZnCu2SiSe4,5.173481359186594,8.260855234633189,1.3786084367391556
995,ZnF2,2.623958879250969,61.72417055027966,2.722985221106148
996,ZnGeP2,15.217246271254204,25.693667099890508,3.281783884885745
997,ZnNiF6,5.632227639931951,35.68816088910285,4.5143026308968555
998,ZnO,4.475346227862776,12.752523955727787,1.0634152968598087
999,ZnPbF6,2.181011769892773,12.065945632296932,0.7234727082069847
1000,ZnPdF6,5.366849153727516,41.79365385661166,3.517822389389936
1001,ZnPtF6,3.902214768615047,27.586816551878627,2.1693720080874614
1002,ZnSe,0.0,0.0,0.0
1003,ZnSiP2,9.61094015172293,3.967176083815802,2.042084176255031
1004,ZnSnF6,1.035917103263495,5.154252384818519,0.08889554863692063
1005,ZnTe,0.0,0.0,0.0
1006,ZrCl2,60.576583562917286,926.7626477095793,89.04496411413004
1007,ZrCoBi,0.0,0.0,0.0
1008,ZrIN,25.709026207104507,447.0385059808745,32.34681867315475
1009,ZrInAu,0.0,0.0,0.0
1010,ZrMnF6,0.000700000000000145,0.004389693247820732,0.00044138436380790623
1011,ZrNiSn,0.0,0.0,0.0
1012,ZrS2,30.71146197565976,530.7075224939755,48.85399801199628
1013,ZrSbRh,0.0,0.0,0.0
1014,ZrSnPt,0.0,0.0,0.0
1015,ZrZnN2,14.606862513301845,259.60821964760726,21.243060969213587
